2025-11-02 06:45:04,798 [INFO] 📥 Retrieved 0 logs (today mode)
2025-11-02 06:45:04,798 [INFO] No logs found in the specified range.
2025-11-03 11:45:03,031 [INFO] 📥 Retrieved 8 logs (today mode)
2025-11-03 11:45:03,042 [INFO] ✅ 8 new records inserted into /home/raven/Documents/ABSENSIKU-BACKUP/db_files/x105.db
2025-11-03 11:45:03,043 [INFO] Data exported to /home/raven/Documents/ABSENSIKU-BACKUP/export_files/x105_attendance_2025-11-03.csv
2025-11-03 11:45:03,043 [INFO] Data exported to /home/raven/Documents/ABSENSIKU-BACKUP/export_files/x105_attendance_2025-11-03.json
2025-11-05 11:45:03,208 [INFO] 📥 Retrieved 8 logs (today mode)
2025-11-05 11:45:03,214 [INFO] ✅ 8 new records inserted into /home/raven/Documents/ABSENSIKU-BACKUP/db_files/x105.db
2025-11-05 11:45:03,215 [INFO] Data exported to /home/raven/Documents/ABSENSIKU-BACKUP/export_files/x105_attendance_2025-11-05.csv
2025-11-05 11:45:03,215 [INFO] Data exported to /home/raven/Documents/ABSENSIKU-BACKUP/export_files/x105_attendance_2025-11-05.json
2025-11-06 10:34:03,364 [INFO] 📥 Retrieved 5 logs (today mode)
2025-11-06 10:34:03,369 [INFO] ✅ 5 new records inserted into /home/raven/Documents/ABSENSIKU-BACKUP/db_files/x105.db
2025-11-06 10:34:03,370 [INFO] Data exported to /home/raven/Documents/ABSENSIKU-BACKUP/export_files/x105_attendance_2025-11-06.csv
2025-11-06 10:34:03,370 [INFO] Data exported to /home/raven/Documents/ABSENSIKU-BACKUP/export_files/x105_attendance_2025-11-06.json
2025-11-06 10:34:03,384 [INFO] Updated DB record count for machine SN 'A5NS193461028' to 50985.
2025-11-06 10:52:58,823 [INFO] 📥 Retrieved 70 logs (range mode)
2025-11-06 10:52:58,831 [INFO] ✅ 30 new records inserted into /home/raven/Documents/ABSENSIKU-BACKUP/db_files/x105.db
2025-11-06 10:52:58,832 [INFO] Data exported to /home/raven/Documents/ABSENSIKU-BACKUP/export_files/x105_attendance_2025-10-30_to_2025-11-06.csv
2025-11-06 10:52:58,833 [INFO] Data exported to /home/raven/Documents/ABSENSIKU-BACKUP/export_files/x105_attendance_2025-10-30_to_2025-11-06.json
2025-11-06 10:52:58,849 [INFO] Updated DB record count for machine SN 'A5NS193461028' to 51015.
2025-11-06 10:52:58,860 [INFO] Updated DB record count for machine SN 'A5NS193461028' to 51015.
2025-11-06 14:39:12,322 [INFO] 📥 Retrieved 167 logs (range mode)
2025-11-06 14:39:12,330 [INFO] ✅ 14 new records inserted into /home/raven/Documents/ABSENSIKU-BACKUP/db_files/x105.db
2025-11-06 14:39:12,331 [INFO] Data exported to /home/raven/Documents/ABSENSIKU-BACKUP/export_files/x105_attendance_2025-10-01_to_2025-10-31.csv
2025-11-06 14:39:12,335 [INFO] Data exported to /home/raven/Documents/ABSENSIKU-BACKUP/export_files/x105_attendance_2025-10-01_to_2025-10-31.json
2025-11-06 14:39:12,350 [INFO] Updated DB record count for machine SN 'A5NS193461028' to 51029.
2025-11-06 14:39:12,360 [INFO] Updated DB record count for machine SN 'A5NS193461028' to 51029.
2025-11-06 14:39:34,953 [INFO] 📥 Retrieved 18 logs (range mode)
2025-11-06 14:39:34,957 [INFO] ✅ 0 new records inserted into /home/raven/Documents/ABSENSIKU-BACKUP/db_files/x105.db
2025-11-06 14:39:34,958 [INFO] Data exported to /home/raven/Documents/ABSENSIKU-BACKUP/export_files/x105_attendance_2025-09-01_to_2025-09-30.csv
2025-11-06 14:39:34,959 [INFO] Data exported to /home/raven/Documents/ABSENSIKU-BACKUP/export_files/x105_attendance_2025-09-01_to_2025-09-30.json
2025-11-06 14:39:34,968 [INFO] Updated DB record count for machine SN 'A5NS193461028' to 51029.
2025-11-06 14:39:56,248 [INFO] 📥 Retrieved 63 logs (range mode)
2025-11-06 14:39:56,253 [INFO] ✅ 5 new records inserted into /home/raven/Documents/ABSENSIKU-BACKUP/db_files/x105.db
2025-11-06 14:39:56,254 [INFO] Data exported to /home/raven/Documents/ABSENSIKU-BACKUP/export_files/x105_attendance_2025-10-31_to_2025-11-07.csv
2025-11-06 14:39:56,256 [INFO] Data exported to /home/raven/Documents/ABSENSIKU-BACKUP/export_files/x105_attendance_2025-10-31_to_2025-11-07.json
2025-11-06 14:39:56,270 [INFO] Updated DB record count for machine SN 'A5NS193461028' to 51034.
2025-11-06 14:39:56,281 [INFO] Updated DB record count for machine SN 'A5NS193461028' to 51034.
2025-11-06 18:00:03,088 [INFO] 📥 Retrieved 15 logs (today mode)
2025-11-06 18:00:03,140 [INFO] ✅ 3 new records inserted into /home/dietpi/ABSENSIKU/db_files/x105.db
2025-11-06 18:00:03,145 [INFO] Data exported to /home/dietpi/ABSENSIKU/export_files/x105_attendance_2025-11-06.csv
2025-11-06 18:00:03,148 [INFO] Data exported to /home/dietpi/ABSENSIKU/export_files/x105_attendance_2025-11-06.json
2025-11-06 18:00:03,327 [INFO] Updated DB record count for machine SN 'A5NS193461028' to 51037.
2025-11-07 10:34:03,182 [INFO] 📥 Retrieved 3 logs (today mode)
2025-11-07 10:34:03,211 [INFO] ✅ 3 new records inserted into /home/dietpi/ABSENSIKU/db_files/x105.db
2025-11-07 10:34:03,213 [INFO] Data exported to /home/dietpi/ABSENSIKU/export_files/x105_attendance_2025-11-07.csv
2025-11-07 10:34:03,215 [INFO] Data exported to /home/dietpi/ABSENSIKU/export_files/x105_attendance_2025-11-07.json
2025-11-07 10:34:03,300 [INFO] Updated DB record count for machine SN 'A5NS193461028' to 51040.
2025-11-07 15:00:03,077 [INFO] 📥 Retrieved 8 logs (today mode)
2025-11-07 15:00:03,106 [INFO] ✅ 5 new records inserted into /home/dietpi/ABSENSIKU/db_files/x105.db
2025-11-07 15:00:03,108 [INFO] Data exported to /home/dietpi/ABSENSIKU/export_files/x105_attendance_2025-11-07.csv
2025-11-07 15:00:03,110 [INFO] Data exported to /home/dietpi/ABSENSIKU/export_files/x105_attendance_2025-11-07.json
2025-11-07 15:00:03,174 [INFO] Updated DB record count for machine SN 'A5NS193461028' to 51045.
2025-11-07 18:00:03,126 [INFO] 📥 Retrieved 9 logs (today mode)
2025-11-07 18:00:03,158 [INFO] ✅ 1 new records inserted into /home/dietpi/ABSENSIKU/db_files/x105.db
2025-11-07 18:00:03,161 [INFO] Data exported to /home/dietpi/ABSENSIKU/export_files/x105_attendance_2025-11-07.csv
2025-11-07 18:00:03,164 [INFO] Data exported to /home/dietpi/ABSENSIKU/export_files/x105_attendance_2025-11-07.json
2025-11-07 18:00:03,245 [INFO] Updated DB record count for machine SN 'A5NS193461028' to 51046.
2025-11-08 06:00:03,099 [INFO] 📥 Retrieved 0 logs (today mode)
2025-11-08 06:00:03,100 [INFO] No logs found in the specified range.
2025-11-08 12:00:03,152 [INFO] 📥 Retrieved 5 logs (today mode)
2025-11-08 12:00:03,194 [INFO] ✅ 5 new records inserted into /home/dietpi/ABSENSIKU/db_files/x105.db
2025-11-08 12:00:03,197 [INFO] Data exported to /home/dietpi/ABSENSIKU/export_files/x105_attendance_2025-11-08.csv
2025-11-08 12:00:03,199 [INFO] Data exported to /home/dietpi/ABSENSIKU/export_files/x105_attendance_2025-11-08.json
2025-11-08 12:00:03,285 [INFO] Updated DB record count for machine SN 'A5NS193461028' to 51051.
2025-11-08 15:00:03,137 [INFO] 📥 Retrieved 8 logs (today mode)
2025-11-08 15:00:03,162 [INFO] ✅ 3 new records inserted into /home/dietpi/ABSENSIKU/db_files/x105.db
2025-11-08 15:00:03,164 [INFO] Data exported to /home/dietpi/ABSENSIKU/export_files/x105_attendance_2025-11-08.csv
2025-11-08 15:00:03,168 [INFO] Data exported to /home/dietpi/ABSENSIKU/export_files/x105_attendance_2025-11-08.json
2025-11-08 15:00:03,239 [INFO] Updated DB record count for machine SN 'A5NS193461028' to 51054.
2025-11-08 18:00:03,143 [INFO] 📥 Retrieved 8 logs (today mode)
2025-11-08 18:00:03,165 [INFO] ✅ 0 new records inserted into /home/dietpi/ABSENSIKU/db_files/x105.db
2025-11-08 18:00:03,168 [INFO] Data exported to /home/dietpi/ABSENSIKU/export_files/x105_attendance_2025-11-08.csv
2025-11-08 18:00:03,171 [INFO] Data exported to /home/dietpi/ABSENSIKU/export_files/x105_attendance_2025-11-08.json
2025-11-09 06:00:03,175 [INFO] 📥 Retrieved 0 logs (today mode)
2025-11-09 06:00:03,175 [INFO] No logs found in the specified range.
2025-11-09 12:00:03,073 [INFO] 📥 Retrieved 1 logs (today mode)
2025-11-09 12:00:03,095 [INFO] ✅ 1 new records inserted into /home/dietpi/ABSENSIKU/db_files/x105.db
2025-11-09 12:00:03,098 [INFO] Data exported to /home/dietpi/ABSENSIKU/export_files/x105_attendance_2025-11-09.csv
2025-11-09 12:00:03,099 [INFO] Data exported to /home/dietpi/ABSENSIKU/export_files/x105_attendance_2025-11-09.json
2025-11-09 12:00:03,176 [INFO] Updated DB record count for machine SN 'A5NS193461028' to 51055.
2025-11-09 15:00:03,102 [INFO] 📥 Retrieved 2 logs (today mode)
2025-11-09 15:00:03,128 [INFO] ✅ 1 new records inserted into /home/dietpi/ABSENSIKU/db_files/x105.db
2025-11-09 15:00:03,131 [INFO] Data exported to /home/dietpi/ABSENSIKU/export_files/x105_attendance_2025-11-09.csv
2025-11-09 15:00:03,133 [INFO] Data exported to /home/dietpi/ABSENSIKU/export_files/x105_attendance_2025-11-09.json
2025-11-09 15:00:03,219 [INFO] Updated DB record count for machine SN 'A5NS193461028' to 51056.
2025-11-09 18:00:03,154 [INFO] 📥 Retrieved 2 logs (today mode)
2025-11-09 18:00:03,174 [INFO] ✅ 0 new records inserted into /home/dietpi/ABSENSIKU/db_files/x105.db
2025-11-09 18:00:03,176 [INFO] Data exported to /home/dietpi/ABSENSIKU/export_files/x105_attendance_2025-11-09.csv
2025-11-09 18:00:03,178 [INFO] Data exported to /home/dietpi/ABSENSIKU/export_files/x105_attendance_2025-11-09.json
2025-11-10 06:00:03,187 [INFO] 📥 Retrieved 1 logs (today mode)
2025-11-10 06:00:03,214 [INFO] ✅ 1 new records inserted into /home/dietpi/ABSENSIKU/db_files/x105.db
2025-11-10 06:00:03,217 [INFO] Data exported to /home/dietpi/ABSENSIKU/export_files/x105_attendance_2025-11-10.csv
2025-11-10 06:00:03,219 [INFO] Data exported to /home/dietpi/ABSENSIKU/export_files/x105_attendance_2025-11-10.json
2025-11-10 06:00:03,286 [INFO] Updated DB record count for machine SN 'A5NS193461028' to 51057.
2025-11-10 12:00:03,138 [INFO] 📥 Retrieved 11 logs (today mode)
2025-11-10 12:00:03,921 [INFO] ✅ 10 new records inserted into /home/dietpi/ABSENSIKU/db_files/x105.db
2025-11-10 12:00:03,924 [INFO] Data exported to /home/dietpi/ABSENSIKU/export_files/x105_attendance_2025-11-10.csv
2025-11-10 12:00:03,927 [INFO] Data exported to /home/dietpi/ABSENSIKU/export_files/x105_attendance_2025-11-10.json
2025-11-10 12:00:04,014 [INFO] Updated DB record count for machine SN 'A5NS193461028' to 51067.
2025-11-10 15:00:03,256 [INFO] 📥 Retrieved 17 logs (today mode)
2025-11-10 15:00:03,320 [INFO] ✅ 6 new records inserted into /home/dietpi/ABSENSIKU/db_files/x105.db
2025-11-10 15:00:03,324 [INFO] Data exported to /home/dietpi/ABSENSIKU/export_files/x105_attendance_2025-11-10.csv
2025-11-10 15:00:03,328 [INFO] Data exported to /home/dietpi/ABSENSIKU/export_files/x105_attendance_2025-11-10.json
2025-11-10 15:00:03,415 [INFO] Updated DB record count for machine SN 'A5NS193461028' to 51073.
2025-11-10 18:00:03,137 [INFO] 📥 Retrieved 18 logs (today mode)
2025-11-10 18:00:03,231 [INFO] ✅ 1 new records inserted into /home/dietpi/ABSENSIKU/db_files/x105.db
2025-11-10 18:00:03,234 [INFO] Data exported to /home/dietpi/ABSENSIKU/export_files/x105_attendance_2025-11-10.csv
2025-11-10 18:00:03,238 [INFO] Data exported to /home/dietpi/ABSENSIKU/export_files/x105_attendance_2025-11-10.json
2025-11-10 18:00:03,380 [INFO] Updated DB record count for machine SN 'A5NS193461028' to 51074.
2025-11-11 06:00:03,141 [INFO] 📥 Retrieved 1 logs (today mode)
2025-11-11 06:00:03,170 [INFO] ✅ 1 new records inserted into /home/dietpi/ABSENSIKU/db_files/x105.db
2025-11-11 06:00:03,173 [INFO] Data exported to /home/dietpi/ABSENSIKU/export_files/x105_attendance_2025-11-11.csv
2025-11-11 06:00:03,174 [INFO] Data exported to /home/dietpi/ABSENSIKU/export_files/x105_attendance_2025-11-11.json
2025-11-11 06:00:03,242 [INFO] Updated DB record count for machine SN 'A5NS193461028' to 51075.
2025-11-11 12:00:03,173 [INFO] 📥 Retrieved 7 logs (today mode)
2025-11-11 12:00:03,212 [INFO] ✅ 6 new records inserted into /home/dietpi/ABSENSIKU/db_files/x105.db
2025-11-11 12:00:03,214 [INFO] Data exported to /home/dietpi/ABSENSIKU/export_files/x105_attendance_2025-11-11.csv
2025-11-11 12:00:03,216 [INFO] Data exported to /home/dietpi/ABSENSIKU/export_files/x105_attendance_2025-11-11.json
2025-11-11 12:00:03,286 [INFO] Updated DB record count for machine SN 'A5NS193461028' to 51081.
2025-11-11 15:00:03,208 [INFO] 📥 Retrieved 9 logs (today mode)
2025-11-11 15:00:03,238 [INFO] ✅ 2 new records inserted into /home/dietpi/ABSENSIKU/db_files/x105.db
2025-11-11 15:00:03,240 [INFO] Data exported to /home/dietpi/ABSENSIKU/export_files/x105_attendance_2025-11-11.csv
2025-11-11 15:00:03,242 [INFO] Data exported to /home/dietpi/ABSENSIKU/export_files/x105_attendance_2025-11-11.json
2025-11-11 15:00:03,312 [INFO] Updated DB record count for machine SN 'A5NS193461028' to 51083.
2025-11-11 18:00:03,268 [INFO] 📥 Retrieved 9 logs (today mode)
2025-11-11 18:00:03,290 [INFO] ✅ 0 new records inserted into /home/dietpi/ABSENSIKU/db_files/x105.db
2025-11-11 18:00:03,292 [INFO] Data exported to /home/dietpi/ABSENSIKU/export_files/x105_attendance_2025-11-11.csv
2025-11-11 18:00:03,294 [INFO] Data exported to /home/dietpi/ABSENSIKU/export_files/x105_attendance_2025-11-11.json
2025-11-12 06:00:03,164 [INFO] 📥 Retrieved 3 logs (today mode)
2025-11-12 06:00:03,196 [INFO] ✅ 3 new records inserted into /home/dietpi/ABSENSIKU/db_files/x105.db
2025-11-12 06:00:03,198 [INFO] Data exported to /home/dietpi/ABSENSIKU/export_files/x105_attendance_2025-11-12.csv
2025-11-12 06:00:03,200 [INFO] Data exported to /home/dietpi/ABSENSIKU/export_files/x105_attendance_2025-11-12.json
2025-11-12 06:00:03,282 [INFO] Updated DB record count for machine SN 'A5NS193461028' to 51086.
2025-11-12 12:00:03,199 [INFO] 📥 Retrieved 15 logs (today mode)
2025-11-12 12:00:03,251 [INFO] ✅ 12 new records inserted into /home/dietpi/ABSENSIKU/db_files/x105.db
2025-11-12 12:00:03,253 [INFO] Data exported to /home/dietpi/ABSENSIKU/export_files/x105_attendance_2025-11-12.csv
2025-11-12 12:00:03,256 [INFO] Data exported to /home/dietpi/ABSENSIKU/export_files/x105_attendance_2025-11-12.json
2025-11-12 12:00:03,336 [INFO] Updated DB record count for machine SN 'A5NS193461028' to 51098.
2025-11-12 15:00:03,244 [INFO] 📥 Retrieved 23 logs (today mode)
2025-11-12 15:00:03,352 [INFO] ✅ 8 new records inserted into /home/dietpi/ABSENSIKU/db_files/x105.db
2025-11-12 15:00:03,356 [INFO] Data exported to /home/dietpi/ABSENSIKU/export_files/x105_attendance_2025-11-12.csv
2025-11-12 15:00:03,360 [INFO] Data exported to /home/dietpi/ABSENSIKU/export_files/x105_attendance_2025-11-12.json
2025-11-12 15:00:03,446 [INFO] Updated DB record count for machine SN 'A5NS193461028' to 51106.
2025-11-12 18:00:03,271 [INFO] 📥 Retrieved 25 logs (today mode)
2025-11-12 18:00:03,303 [INFO] ✅ 2 new records inserted into /home/dietpi/ABSENSIKU/db_files/x105.db
2025-11-12 18:00:03,306 [INFO] Data exported to /home/dietpi/ABSENSIKU/export_files/x105_attendance_2025-11-12.csv
2025-11-12 18:00:03,311 [INFO] Data exported to /home/dietpi/ABSENSIKU/export_files/x105_attendance_2025-11-12.json
2025-11-12 18:00:03,393 [INFO] Updated DB record count for machine SN 'A5NS193461028' to 51108.
2025-11-13 06:00:03,281 [INFO] 📥 Retrieved 1 logs (today mode)
2025-11-13 06:00:03,306 [INFO] ✅ 1 new records inserted into /home/dietpi/ABSENSIKU/db_files/x105.db
2025-11-13 06:00:03,308 [INFO] Data exported to /home/dietpi/ABSENSIKU/export_files/x105_attendance_2025-11-13.csv
2025-11-13 06:00:03,309 [INFO] Data exported to /home/dietpi/ABSENSIKU/export_files/x105_attendance_2025-11-13.json
2025-11-13 06:00:03,390 [INFO] Updated DB record count for machine SN 'A5NS193461028' to 51109.
2025-11-13 12:00:03,282 [INFO] 📥 Retrieved 16 logs (today mode)
2025-11-13 12:00:03,338 [INFO] ✅ 15 new records inserted into /home/dietpi/ABSENSIKU/db_files/x105.db
2025-11-13 12:00:03,341 [INFO] Data exported to /home/dietpi/ABSENSIKU/export_files/x105_attendance_2025-11-13.csv
2025-11-13 12:00:03,345 [INFO] Data exported to /home/dietpi/ABSENSIKU/export_files/x105_attendance_2025-11-13.json
2025-11-13 12:00:03,431 [INFO] Updated DB record count for machine SN 'A5NS193461028' to 51124.
2025-11-13 15:00:03,285 [INFO] 📥 Retrieved 25 logs (today mode)
2025-11-13 15:00:03,324 [INFO] ✅ 9 new records inserted into /home/dietpi/ABSENSIKU/db_files/x105.db
2025-11-13 15:00:03,328 [INFO] Data exported to /home/dietpi/ABSENSIKU/export_files/x105_attendance_2025-11-13.csv
2025-11-13 15:00:03,336 [INFO] Data exported to /home/dietpi/ABSENSIKU/export_files/x105_attendance_2025-11-13.json
2025-11-13 15:00:03,416 [INFO] Updated DB record count for machine SN 'A5NS193461028' to 51133.
2025-11-13 18:00:03,349 [INFO] 📥 Retrieved 28 logs (today mode)
2025-11-13 18:00:04,003 [INFO] ✅ 3 new records inserted into /home/dietpi/ABSENSIKU/db_files/x105.db
2025-11-13 18:00:04,007 [INFO] Data exported to /home/dietpi/ABSENSIKU/export_files/x105_attendance_2025-11-13.csv
2025-11-13 18:00:04,012 [INFO] Data exported to /home/dietpi/ABSENSIKU/export_files/x105_attendance_2025-11-13.json
2025-11-13 18:00:04,089 [INFO] Updated DB record count for machine SN 'A5NS193461028' to 51136.
2025-11-14 06:00:03,341 [INFO] 📥 Retrieved 2 logs (today mode)
2025-11-14 06:00:03,376 [INFO] ✅ 2 new records inserted into /home/dietpi/ABSENSIKU/db_files/x105.db
2025-11-14 06:00:03,378 [INFO] Data exported to /home/dietpi/ABSENSIKU/export_files/x105_attendance_2025-11-14.csv
2025-11-14 06:00:03,379 [INFO] Data exported to /home/dietpi/ABSENSIKU/export_files/x105_attendance_2025-11-14.json
2025-11-14 06:00:03,445 [INFO] Updated DB record count for machine SN 'A5NS193461028' to 51138.
2025-11-14 12:00:03,321 [INFO] 📥 Retrieved 5 logs (today mode)
2025-11-14 12:00:03,433 [INFO] ✅ 3 new records inserted into /home/dietpi/ABSENSIKU/db_files/x105.db
2025-11-14 12:00:03,436 [INFO] Data exported to /home/dietpi/ABSENSIKU/export_files/x105_attendance_2025-11-14.csv
2025-11-14 12:00:03,438 [INFO] Data exported to /home/dietpi/ABSENSIKU/export_files/x105_attendance_2025-11-14.json
2025-11-14 12:00:03,521 [INFO] Updated DB record count for machine SN 'A5NS193461028' to 51141.
2025-11-14 15:00:03,274 [INFO] 📥 Retrieved 6 logs (today mode)
2025-11-14 15:00:03,305 [INFO] ✅ 1 new records inserted into /home/dietpi/ABSENSIKU/db_files/x105.db
2025-11-14 15:00:03,308 [INFO] Data exported to /home/dietpi/ABSENSIKU/export_files/x105_attendance_2025-11-14.csv
2025-11-14 15:00:03,310 [INFO] Data exported to /home/dietpi/ABSENSIKU/export_files/x105_attendance_2025-11-14.json
2025-11-14 15:00:03,423 [INFO] Updated DB record count for machine SN 'A5NS193461028' to 51142.
2025-11-14 18:00:03,376 [INFO] 📥 Retrieved 9 logs (today mode)
2025-11-14 18:00:03,419 [INFO] ✅ 3 new records inserted into /home/dietpi/ABSENSIKU/db_files/x105.db
2025-11-14 18:00:03,422 [INFO] Data exported to /home/dietpi/ABSENSIKU/export_files/x105_attendance_2025-11-14.csv
2025-11-14 18:00:03,425 [INFO] Data exported to /home/dietpi/ABSENSIKU/export_files/x105_attendance_2025-11-14.json
2025-11-14 18:00:03,504 [INFO] Updated DB record count for machine SN 'A5NS193461028' to 51145.
2025-11-15 06:00:03,371 [INFO] 📥 Retrieved 1 logs (today mode)
2025-11-15 06:00:03,410 [INFO] ✅ 1 new records inserted into /home/dietpi/ABSENSIKU/db_files/x105.db
2025-11-15 06:00:03,413 [INFO] Data exported to /home/dietpi/ABSENSIKU/export_files/x105_attendance_2025-11-15.csv
2025-11-15 06:00:03,414 [INFO] Data exported to /home/dietpi/ABSENSIKU/export_files/x105_attendance_2025-11-15.json
2025-11-15 06:00:03,497 [INFO] Updated DB record count for machine SN 'A5NS193461028' to 51146.
2025-11-15 12:00:03,448 [INFO] 📥 Retrieved 1 logs (today mode)
2025-11-15 12:00:03,518 [INFO] ✅ 0 new records inserted into /home/dietpi/ABSENSIKU/db_files/x105.db
2025-11-15 12:00:03,520 [INFO] Data exported to /home/dietpi/ABSENSIKU/export_files/x105_attendance_2025-11-15.csv
2025-11-15 12:00:03,522 [INFO] Data exported to /home/dietpi/ABSENSIKU/export_files/x105_attendance_2025-11-15.json
2025-11-15 15:00:03,339 [INFO] 📥 Retrieved 1 logs (today mode)
2025-11-15 15:00:03,359 [INFO] ✅ 0 new records inserted into /home/dietpi/ABSENSIKU/db_files/x105.db
2025-11-15 15:00:03,361 [INFO] Data exported to /home/dietpi/ABSENSIKU/export_files/x105_attendance_2025-11-15.csv
2025-11-15 15:00:03,363 [INFO] Data exported to /home/dietpi/ABSENSIKU/export_files/x105_attendance_2025-11-15.json
2025-11-15 18:00:03,387 [INFO] 📥 Retrieved 3 logs (today mode)
2025-11-15 18:00:03,414 [INFO] ✅ 2 new records inserted into /home/dietpi/ABSENSIKU/db_files/x105.db
2025-11-15 18:00:03,417 [INFO] Data exported to /home/dietpi/ABSENSIKU/export_files/x105_attendance_2025-11-15.csv
2025-11-15 18:00:03,419 [INFO] Data exported to /home/dietpi/ABSENSIKU/export_files/x105_attendance_2025-11-15.json
2025-11-15 18:00:03,500 [INFO] Updated DB record count for machine SN 'A5NS193461028' to 51148.
2025-11-16 06:00:03,487 [INFO] 📥 Retrieved 1 logs (today mode)
2025-11-16 06:00:03,513 [INFO] ✅ 1 new records inserted into /home/dietpi/ABSENSIKU/db_files/x105.db
2025-11-16 06:00:03,515 [INFO] Data exported to /home/dietpi/ABSENSIKU/export_files/x105_attendance_2025-11-16.csv
2025-11-16 06:00:03,517 [INFO] Data exported to /home/dietpi/ABSENSIKU/export_files/x105_attendance_2025-11-16.json
2025-11-16 06:00:03,629 [INFO] Updated DB record count for machine SN 'A5NS193461028' to 51149.
2025-11-16 12:00:03,308 [INFO] 📥 Retrieved 6 logs (today mode)
2025-11-16 12:00:03,339 [INFO] ✅ 5 new records inserted into /home/dietpi/ABSENSIKU/db_files/x105.db
2025-11-16 12:00:03,342 [INFO] Data exported to /home/dietpi/ABSENSIKU/export_files/x105_attendance_2025-11-16.csv
2025-11-16 12:00:03,344 [INFO] Data exported to /home/dietpi/ABSENSIKU/export_files/x105_attendance_2025-11-16.json
2025-11-16 12:00:03,426 [INFO] Updated DB record count for machine SN 'A5NS193461028' to 51154.
2025-11-16 15:00:03,260 [INFO] 📥 Retrieved 8 logs (today mode)
2025-11-16 15:00:03,289 [INFO] ✅ 2 new records inserted into /home/dietpi/ABSENSIKU/db_files/x105.db
2025-11-16 15:00:03,292 [INFO] Data exported to /home/dietpi/ABSENSIKU/export_files/x105_attendance_2025-11-16.csv
2025-11-16 15:00:03,294 [INFO] Data exported to /home/dietpi/ABSENSIKU/export_files/x105_attendance_2025-11-16.json
2025-11-16 15:00:03,368 [INFO] Updated DB record count for machine SN 'A5NS193461028' to 51156.
2025-11-16 18:00:03,327 [INFO] 📥 Retrieved 9 logs (today mode)
2025-11-16 18:00:03,354 [INFO] ✅ 1 new records inserted into /home/dietpi/ABSENSIKU/db_files/x105.db
2025-11-16 18:00:03,357 [INFO] Data exported to /home/dietpi/ABSENSIKU/export_files/x105_attendance_2025-11-16.csv
2025-11-16 18:00:03,360 [INFO] Data exported to /home/dietpi/ABSENSIKU/export_files/x105_attendance_2025-11-16.json
2025-11-16 18:00:03,438 [INFO] Updated DB record count for machine SN 'A5NS193461028' to 51157.
2025-11-17 06:00:03,343 [INFO] 📥 Retrieved 1 logs (today mode)
2025-11-17 06:00:03,370 [INFO] ✅ 1 new records inserted into /home/dietpi/ABSENSIKU/db_files/x105.db
2025-11-17 06:00:03,372 [INFO] Data exported to /home/dietpi/ABSENSIKU/export_files/x105_attendance_2025-11-17.csv
2025-11-17 06:00:03,374 [INFO] Data exported to /home/dietpi/ABSENSIKU/export_files/x105_attendance_2025-11-17.json
2025-11-17 06:00:03,459 [INFO] Updated DB record count for machine SN 'A5NS193461028' to 51158.
2025-11-17 12:00:03,403 [INFO] 📥 Retrieved 8 logs (today mode)
2025-11-17 12:00:03,436 [INFO] ✅ 7 new records inserted into /home/dietpi/ABSENSIKU/db_files/x105.db
2025-11-17 12:00:03,438 [INFO] Data exported to /home/dietpi/ABSENSIKU/export_files/x105_attendance_2025-11-17.csv
2025-11-17 12:00:03,440 [INFO] Data exported to /home/dietpi/ABSENSIKU/export_files/x105_attendance_2025-11-17.json
2025-11-17 12:00:03,501 [INFO] Updated DB record count for machine SN 'A5NS193461028' to 51165.
2025-11-17 15:00:03,424 [INFO] 📥 Retrieved 11 logs (today mode)
2025-11-17 15:00:03,453 [INFO] ✅ 3 new records inserted into /home/dietpi/ABSENSIKU/db_files/x105.db
2025-11-17 15:00:03,456 [INFO] Data exported to /home/dietpi/ABSENSIKU/export_files/x105_attendance_2025-11-17.csv
2025-11-17 15:00:03,459 [INFO] Data exported to /home/dietpi/ABSENSIKU/export_files/x105_attendance_2025-11-17.json
2025-11-17 15:00:03,537 [INFO] Updated DB record count for machine SN 'A5NS193461028' to 51168.
2025-11-17 18:00:03,400 [INFO] 📥 Retrieved 15 logs (today mode)
2025-11-17 18:00:03,426 [INFO] ✅ 4 new records inserted into /home/dietpi/ABSENSIKU/db_files/x105.db
2025-11-17 18:00:03,428 [INFO] Data exported to /home/dietpi/ABSENSIKU/export_files/x105_attendance_2025-11-17.csv
2025-11-17 18:00:03,431 [INFO] Data exported to /home/dietpi/ABSENSIKU/export_files/x105_attendance_2025-11-17.json
2025-11-17 18:00:03,488 [INFO] Updated DB record count for machine SN 'A5NS193461028' to 51172.
2025-11-18 06:00:03,387 [INFO] 📥 Retrieved 4 logs (today mode)
2025-11-18 06:00:03,416 [INFO] ✅ 4 new records inserted into /home/dietpi/ABSENSIKU/db_files/x105.db
2025-11-18 06:00:03,418 [INFO] Data exported to /home/dietpi/ABSENSIKU/export_files/x105_attendance_2025-11-18.csv
2025-11-18 06:00:03,421 [INFO] Data exported to /home/dietpi/ABSENSIKU/export_files/x105_attendance_2025-11-18.json
2025-11-18 06:00:03,497 [INFO] Updated DB record count for machine SN 'A5NS193461028' to 51176.
2025-11-18 12:00:03,669 [INFO] 📥 Retrieved 12 logs (today mode)
2025-11-18 12:00:03,709 [INFO] ✅ 8 new records inserted into /home/dietpi/ABSENSIKU/db_files/x105.db
2025-11-18 12:00:03,712 [INFO] Data exported to /home/dietpi/ABSENSIKU/export_files/x105_attendance_2025-11-18.csv
2025-11-18 12:00:03,715 [INFO] Data exported to /home/dietpi/ABSENSIKU/export_files/x105_attendance_2025-11-18.json
2025-11-18 12:00:03,792 [INFO] Updated DB record count for machine SN 'A5NS193461028' to 51184.
2025-11-18 15:00:03,434 [INFO] 📥 Retrieved 14 logs (today mode)
2025-11-18 15:00:03,459 [INFO] ✅ 2 new records inserted into /home/dietpi/ABSENSIKU/db_files/x105.db
2025-11-18 15:00:03,463 [INFO] Data exported to /home/dietpi/ABSENSIKU/export_files/x105_attendance_2025-11-18.csv
2025-11-18 15:00:03,466 [INFO] Data exported to /home/dietpi/ABSENSIKU/export_files/x105_attendance_2025-11-18.json
2025-11-18 15:00:03,544 [INFO] Updated DB record count for machine SN 'A5NS193461028' to 51186.
2025-11-18 18:00:03,356 [INFO] 📥 Retrieved 22 logs (today mode)
2025-11-18 18:00:03,396 [INFO] ✅ 8 new records inserted into /home/dietpi/ABSENSIKU/db_files/x105.db
2025-11-18 18:00:03,399 [INFO] Data exported to /home/dietpi/ABSENSIKU/export_files/x105_attendance_2025-11-18.csv
2025-11-18 18:00:03,401 [INFO] Data exported to /home/dietpi/ABSENSIKU/export_files/x105_attendance_2025-11-18.json
2025-11-18 18:00:03,466 [INFO] Updated DB record count for machine SN 'A5NS193461028' to 51194.
2025-11-19 06:00:03,574 [INFO] 📥 Retrieved 1 logs (today mode)
2025-11-19 06:00:03,600 [INFO] ✅ 1 new records inserted into /home/dietpi/ABSENSIKU/db_files/x105.db
2025-11-19 06:00:03,602 [INFO] Data exported to /home/dietpi/ABSENSIKU/export_files/x105_attendance_2025-11-19.csv
2025-11-19 06:00:03,603 [INFO] Data exported to /home/dietpi/ABSENSIKU/export_files/x105_attendance_2025-11-19.json
2025-11-19 06:00:03,680 [INFO] Updated DB record count for machine SN 'A5NS193461028' to 51195.
2025-11-19 12:00:03,420 [INFO] 📥 Retrieved 12 logs (today mode)
2025-11-19 12:00:03,464 [INFO] ✅ 11 new records inserted into /home/dietpi/ABSENSIKU/db_files/x105.db
2025-11-19 12:00:03,467 [INFO] Data exported to /home/dietpi/ABSENSIKU/export_files/x105_attendance_2025-11-19.csv
2025-11-19 12:00:03,470 [INFO] Data exported to /home/dietpi/ABSENSIKU/export_files/x105_attendance_2025-11-19.json
2025-11-19 12:00:03,551 [INFO] Updated DB record count for machine SN 'A5NS193461028' to 51206.
2025-11-19 15:00:03,466 [INFO] 📥 Retrieved 13 logs (today mode)
2025-11-19 15:00:03,494 [INFO] ✅ 1 new records inserted into /home/dietpi/ABSENSIKU/db_files/x105.db
2025-11-19 15:00:03,497 [INFO] Data exported to /home/dietpi/ABSENSIKU/export_files/x105_attendance_2025-11-19.csv
2025-11-19 15:00:03,501 [INFO] Data exported to /home/dietpi/ABSENSIKU/export_files/x105_attendance_2025-11-19.json
2025-11-19 15:00:03,582 [INFO] Updated DB record count for machine SN 'A5NS193461028' to 51207.
2025-11-19 18:00:03,473 [INFO] 📥 Retrieved 14 logs (today mode)
2025-11-19 18:00:03,496 [INFO] ✅ 1 new records inserted into /home/dietpi/ABSENSIKU/db_files/x105.db
2025-11-19 18:00:03,498 [INFO] Data exported to /home/dietpi/ABSENSIKU/export_files/x105_attendance_2025-11-19.csv
2025-11-19 18:00:03,500 [INFO] Data exported to /home/dietpi/ABSENSIKU/export_files/x105_attendance_2025-11-19.json
2025-11-19 18:00:03,561 [INFO] Updated DB record count for machine SN 'A5NS193461028' to 51208.
2025-11-20 06:00:03,326 [INFO] 📥 Retrieved 2 logs (today mode)
2025-11-20 06:00:03,355 [INFO] ✅ 2 new records inserted into /home/dietpi/ABSENSIKU/db_files/x105.db
2025-11-20 06:00:03,358 [INFO] Data exported to /home/dietpi/ABSENSIKU/export_files/x105_attendance_2025-11-20.csv
2025-11-20 06:00:03,359 [INFO] Data exported to /home/dietpi/ABSENSIKU/export_files/x105_attendance_2025-11-20.json
2025-11-20 06:00:03,442 [INFO] Updated DB record count for machine SN 'A5NS193461028' to 51210.
2025-11-20 12:00:03,479 [INFO] 📥 Retrieved 7 logs (today mode)
2025-11-20 12:00:03,509 [INFO] ✅ 5 new records inserted into /home/dietpi/ABSENSIKU/db_files/x105.db
2025-11-20 12:00:03,512 [INFO] Data exported to /home/dietpi/ABSENSIKU/export_files/x105_attendance_2025-11-20.csv
2025-11-20 12:00:03,515 [INFO] Data exported to /home/dietpi/ABSENSIKU/export_files/x105_attendance_2025-11-20.json
2025-11-20 12:00:03,593 [INFO] Updated DB record count for machine SN 'A5NS193461028' to 51215.
2025-11-20 15:00:03,525 [INFO] 📥 Retrieved 9 logs (today mode)
2025-11-20 15:00:03,552 [INFO] ✅ 2 new records inserted into /home/dietpi/ABSENSIKU/db_files/x105.db
2025-11-20 15:00:03,555 [INFO] Data exported to /home/dietpi/ABSENSIKU/export_files/x105_attendance_2025-11-20.csv
2025-11-20 15:00:03,558 [INFO] Data exported to /home/dietpi/ABSENSIKU/export_files/x105_attendance_2025-11-20.json
2025-11-20 15:00:03,637 [INFO] Updated DB record count for machine SN 'A5NS193461028' to 51217.
2025-11-20 18:00:03,588 [INFO] 📥 Retrieved 13 logs (today mode)
2025-11-20 18:00:03,628 [INFO] ✅ 4 new records inserted into /home/dietpi/ABSENSIKU/db_files/x105.db
2025-11-20 18:00:03,630 [INFO] Data exported to /home/dietpi/ABSENSIKU/export_files/x105_attendance_2025-11-20.csv
2025-11-20 18:00:03,632 [INFO] Data exported to /home/dietpi/ABSENSIKU/export_files/x105_attendance_2025-11-20.json
2025-11-20 18:00:03,698 [INFO] Updated DB record count for machine SN 'A5NS193461028' to 51221.
2025-11-21 06:00:03,619 [INFO] 📥 Retrieved 2 logs (today mode)
2025-11-21 06:00:03,648 [INFO] ✅ 2 new records inserted into /home/dietpi/ABSENSIKU/db_files/x105.db
2025-11-21 06:00:03,651 [INFO] Data exported to /home/dietpi/ABSENSIKU/export_files/x105_attendance_2025-11-21.csv
2025-11-21 06:00:03,653 [INFO] Data exported to /home/dietpi/ABSENSIKU/export_files/x105_attendance_2025-11-21.json
2025-11-21 06:00:03,732 [INFO] Updated DB record count for machine SN 'A5NS193461028' to 51223.
2025-11-21 12:00:03,502 [INFO] 📥 Retrieved 11 logs (today mode)
2025-11-21 12:00:03,534 [INFO] ✅ 9 new records inserted into /home/dietpi/ABSENSIKU/db_files/x105.db
2025-11-21 12:00:03,537 [INFO] Data exported to /home/dietpi/ABSENSIKU/export_files/x105_attendance_2025-11-21.csv
2025-11-21 12:00:03,540 [INFO] Data exported to /home/dietpi/ABSENSIKU/export_files/x105_attendance_2025-11-21.json
2025-11-21 12:00:03,618 [INFO] Updated DB record count for machine SN 'A5NS193461028' to 51232.
2025-11-21 15:00:03,504 [INFO] 📥 Retrieved 15 logs (today mode)
2025-11-21 15:00:03,567 [INFO] ✅ 4 new records inserted into /home/dietpi/ABSENSIKU/db_files/x105.db
2025-11-21 15:00:03,570 [INFO] Data exported to /home/dietpi/ABSENSIKU/export_files/x105_attendance_2025-11-21.csv
2025-11-21 15:00:03,574 [INFO] Data exported to /home/dietpi/ABSENSIKU/export_files/x105_attendance_2025-11-21.json
2025-11-21 15:00:03,656 [INFO] Updated DB record count for machine SN 'A5NS193461028' to 51236.
2025-11-21 18:00:03,558 [INFO] 📥 Retrieved 15 logs (today mode)
2025-11-21 18:00:03,579 [INFO] ✅ 0 new records inserted into /home/dietpi/ABSENSIKU/db_files/x105.db
2025-11-21 18:00:03,582 [INFO] Data exported to /home/dietpi/ABSENSIKU/export_files/x105_attendance_2025-11-21.csv
2025-11-21 18:00:03,586 [INFO] Data exported to /home/dietpi/ABSENSIKU/export_files/x105_attendance_2025-11-21.json
2025-11-22 06:00:03,510 [INFO] 📥 Retrieved 1 logs (today mode)
2025-11-22 06:00:03,536 [INFO] ✅ 1 new records inserted into /home/dietpi/ABSENSIKU/db_files/x105.db
2025-11-22 06:00:03,538 [INFO] Data exported to /home/dietpi/ABSENSIKU/export_files/x105_attendance_2025-11-22.csv
2025-11-22 06:00:03,540 [INFO] Data exported to /home/dietpi/ABSENSIKU/export_files/x105_attendance_2025-11-22.json
2025-11-22 06:00:03,620 [INFO] Updated DB record count for machine SN 'A5NS193461028' to 51237.
2025-11-22 12:00:03,531 [INFO] 📥 Retrieved 1 logs (today mode)
2025-11-22 12:00:03,556 [INFO] ✅ 0 new records inserted into /home/dietpi/ABSENSIKU/db_files/x105.db
2025-11-22 12:00:03,558 [INFO] Data exported to /home/dietpi/ABSENSIKU/export_files/x105_attendance_2025-11-22.csv
2025-11-22 12:00:03,560 [INFO] Data exported to /home/dietpi/ABSENSIKU/export_files/x105_attendance_2025-11-22.json
2025-11-22 15:00:03,483 [INFO] 📥 Retrieved 2 logs (today mode)
2025-11-22 15:00:03,508 [INFO] ✅ 1 new records inserted into /home/dietpi/ABSENSIKU/db_files/x105.db
2025-11-22 15:00:03,511 [INFO] Data exported to /home/dietpi/ABSENSIKU/export_files/x105_attendance_2025-11-22.csv
2025-11-22 15:00:03,513 [INFO] Data exported to /home/dietpi/ABSENSIKU/export_files/x105_attendance_2025-11-22.json
2025-11-22 15:00:03,589 [INFO] Updated DB record count for machine SN 'A5NS193461028' to 51238.
2025-11-22 18:00:03,570 [INFO] 📥 Retrieved 3 logs (today mode)
2025-11-22 18:00:03,594 [INFO] ✅ 1 new records inserted into /home/dietpi/ABSENSIKU/db_files/x105.db
2025-11-22 18:00:03,596 [INFO] Data exported to /home/dietpi/ABSENSIKU/export_files/x105_attendance_2025-11-22.csv
2025-11-22 18:00:03,599 [INFO] Data exported to /home/dietpi/ABSENSIKU/export_files/x105_attendance_2025-11-22.json
2025-11-22 18:00:03,671 [INFO] Updated DB record count for machine SN 'A5NS193461028' to 51239.
2025-11-23 06:00:03,478 [INFO] 📥 Retrieved 1 logs (today mode)
2025-11-23 06:00:03,530 [INFO] ✅ 1 new records inserted into /home/dietpi/ABSENSIKU/db_files/x105.db
2025-11-23 06:00:03,532 [INFO] Data exported to /home/dietpi/ABSENSIKU/export_files/x105_attendance_2025-11-23.csv
2025-11-23 06:00:03,534 [INFO] Data exported to /home/dietpi/ABSENSIKU/export_files/x105_attendance_2025-11-23.json
2025-11-23 06:00:03,612 [INFO] Updated DB record count for machine SN 'A5NS193461028' to 51240.
2025-11-23 12:00:03,495 [INFO] 📥 Retrieved 2 logs (today mode)
2025-11-23 12:00:03,522 [INFO] ✅ 1 new records inserted into /home/dietpi/ABSENSIKU/db_files/x105.db
2025-11-23 12:00:03,525 [INFO] Data exported to /home/dietpi/ABSENSIKU/export_files/x105_attendance_2025-11-23.csv
2025-11-23 12:00:03,527 [INFO] Data exported to /home/dietpi/ABSENSIKU/export_files/x105_attendance_2025-11-23.json
2025-11-23 12:00:03,608 [INFO] Updated DB record count for machine SN 'A5NS193461028' to 51241.
2025-11-23 15:00:03,487 [INFO] 📥 Retrieved 2 logs (today mode)
2025-11-23 15:00:03,508 [INFO] ✅ 0 new records inserted into /home/dietpi/ABSENSIKU/db_files/x105.db
2025-11-23 15:00:03,511 [INFO] Data exported to /home/dietpi/ABSENSIKU/export_files/x105_attendance_2025-11-23.csv
2025-11-23 15:00:03,513 [INFO] Data exported to /home/dietpi/ABSENSIKU/export_files/x105_attendance_2025-11-23.json
2025-11-23 18:00:03,592 [INFO] 📥 Retrieved 4 logs (today mode)
2025-11-23 18:00:04,406 [INFO] ✅ 2 new records inserted into /home/dietpi/ABSENSIKU/db_files/x105.db
2025-11-23 18:00:04,409 [INFO] Data exported to /home/dietpi/ABSENSIKU/export_files/x105_attendance_2025-11-23.csv
2025-11-23 18:00:04,411 [INFO] Data exported to /home/dietpi/ABSENSIKU/export_files/x105_attendance_2025-11-23.json
2025-11-23 18:00:04,498 [INFO] Updated DB record count for machine SN 'A5NS193461028' to 51243.
2025-11-24 06:00:03,545 [INFO] 📥 Retrieved 1 logs (today mode)
2025-11-24 06:00:03,568 [INFO] ✅ 1 new records inserted into /home/dietpi/ABSENSIKU/db_files/x105.db
2025-11-24 06:00:03,571 [INFO] Data exported to /home/dietpi/ABSENSIKU/export_files/x105_attendance_2025-11-24.csv
2025-11-24 06:00:03,572 [INFO] Data exported to /home/dietpi/ABSENSIKU/export_files/x105_attendance_2025-11-24.json
2025-11-24 06:00:03,651 [INFO] Updated DB record count for machine SN 'A5NS193461028' to 51244.
2025-11-24 12:00:03,535 [INFO] 📥 Retrieved 13 logs (today mode)
2025-11-24 12:00:03,578 [INFO] ✅ 12 new records inserted into /home/dietpi/ABSENSIKU/db_files/x105.db
2025-11-24 12:00:03,581 [INFO] Data exported to /home/dietpi/ABSENSIKU/export_files/x105_attendance_2025-11-24.csv
2025-11-24 12:00:03,585 [INFO] Data exported to /home/dietpi/ABSENSIKU/export_files/x105_attendance_2025-11-24.json
2025-11-24 12:00:03,655 [INFO] Updated DB record count for machine SN 'A5NS193461028' to 51256.
2025-11-24 15:00:03,540 [INFO] 📥 Retrieved 18 logs (today mode)
2025-11-24 15:00:03,602 [INFO] ✅ 5 new records inserted into /home/dietpi/ABSENSIKU/db_files/x105.db
2025-11-24 15:00:03,605 [INFO] Data exported to /home/dietpi/ABSENSIKU/export_files/x105_attendance_2025-11-24.csv
2025-11-24 15:00:03,609 [INFO] Data exported to /home/dietpi/ABSENSIKU/export_files/x105_attendance_2025-11-24.json
2025-11-24 15:00:03,692 [INFO] Updated DB record count for machine SN 'A5NS193461028' to 51261.
2025-11-24 18:00:03,646 [INFO] 📥 Retrieved 22 logs (today mode)
2025-11-24 18:00:03,680 [INFO] ✅ 4 new records inserted into /home/dietpi/ABSENSIKU/db_files/x105.db
2025-11-24 18:00:03,683 [INFO] Data exported to /home/dietpi/ABSENSIKU/export_files/x105_attendance_2025-11-24.csv
2025-11-24 18:00:03,688 [INFO] Data exported to /home/dietpi/ABSENSIKU/export_files/x105_attendance_2025-11-24.json
2025-11-24 18:00:03,767 [INFO] Updated DB record count for machine SN 'A5NS193461028' to 51265.
2025-11-25 06:00:03,590 [INFO] 📥 Retrieved 2 logs (today mode)
2025-11-25 06:00:03,616 [INFO] ✅ 2 new records inserted into /home/dietpi/ABSENSIKU/db_files/x105.db
2025-11-25 06:00:03,618 [INFO] Data exported to /home/dietpi/ABSENSIKU/export_files/x105_attendance_2025-11-25.csv
2025-11-25 06:00:03,620 [INFO] Data exported to /home/dietpi/ABSENSIKU/export_files/x105_attendance_2025-11-25.json
2025-11-25 06:00:03,701 [INFO] Updated DB record count for machine SN 'A5NS193461028' to 51267.
2025-11-25 12:00:03,661 [INFO] 📥 Retrieved 9 logs (today mode)
2025-11-25 12:00:03,698 [INFO] ✅ 7 new records inserted into /home/dietpi/ABSENSIKU/db_files/x105.db
2025-11-25 12:00:03,701 [INFO] Data exported to /home/dietpi/ABSENSIKU/export_files/x105_attendance_2025-11-25.csv
2025-11-25 12:00:03,704 [INFO] Data exported to /home/dietpi/ABSENSIKU/export_files/x105_attendance_2025-11-25.json
2025-11-25 12:00:03,782 [INFO] Updated DB record count for machine SN 'A5NS193461028' to 51274.
2025-11-25 15:00:03,625 [INFO] 📥 Retrieved 18 logs (today mode)
2025-11-25 15:00:03,664 [INFO] ✅ 9 new records inserted into /home/dietpi/ABSENSIKU/db_files/x105.db
2025-11-25 15:00:03,667 [INFO] Data exported to /home/dietpi/ABSENSIKU/export_files/x105_attendance_2025-11-25.csv
2025-11-25 15:00:03,671 [INFO] Data exported to /home/dietpi/ABSENSIKU/export_files/x105_attendance_2025-11-25.json
2025-11-25 15:00:03,751 [INFO] Updated DB record count for machine SN 'A5NS193461028' to 51283.
2025-11-25 18:00:03,519 [INFO] 📥 Retrieved 21 logs (today mode)
2025-11-25 18:00:03,585 [INFO] ✅ 3 new records inserted into /home/dietpi/ABSENSIKU/db_files/x105.db
2025-11-25 18:00:03,589 [INFO] Data exported to /home/dietpi/ABSENSIKU/export_files/x105_attendance_2025-11-25.csv
2025-11-25 18:00:03,593 [INFO] Data exported to /home/dietpi/ABSENSIKU/export_files/x105_attendance_2025-11-25.json
2025-11-25 18:00:03,672 [INFO] Updated DB record count for machine SN 'A5NS193461028' to 51286.
2025-11-26 06:00:03,622 [INFO] 📥 Retrieved 0 logs (today mode)
2025-11-26 06:00:03,623 [INFO] No logs found in the specified range.
2025-11-26 12:00:03,779 [INFO] 📥 Retrieved 10 logs (today mode)
2025-11-26 12:00:04,408 [INFO] ✅ 10 new records inserted into /home/dietpi/ABSENSIKU/db_files/x105.db
2025-11-26 12:00:04,411 [INFO] Data exported to /home/dietpi/ABSENSIKU/export_files/x105_attendance_2025-11-26.csv
2025-11-26 12:00:04,413 [INFO] Data exported to /home/dietpi/ABSENSIKU/export_files/x105_attendance_2025-11-26.json
2025-11-26 12:00:04,498 [INFO] Updated DB record count for machine SN 'A5NS193461028' to 51296.
2025-11-26 15:00:03,626 [INFO] 📥 Retrieved 12 logs (today mode)
2025-11-26 15:00:03,672 [INFO] ✅ 2 new records inserted into /home/dietpi/ABSENSIKU/db_files/x105.db
2025-11-26 15:00:03,675 [INFO] Data exported to /home/dietpi/ABSENSIKU/export_files/x105_attendance_2025-11-26.csv
2025-11-26 15:00:03,678 [INFO] Data exported to /home/dietpi/ABSENSIKU/export_files/x105_attendance_2025-11-26.json
2025-11-26 15:00:03,757 [INFO] Updated DB record count for machine SN 'A5NS193461028' to 51298.
2025-11-26 18:00:03,550 [INFO] 📥 Retrieved 13 logs (today mode)
2025-11-26 18:00:03,576 [INFO] ✅ 1 new records inserted into /home/dietpi/ABSENSIKU/db_files/x105.db
2025-11-26 18:00:03,580 [INFO] Data exported to /home/dietpi/ABSENSIKU/export_files/x105_attendance_2025-11-26.csv
2025-11-26 18:00:03,583 [INFO] Data exported to /home/dietpi/ABSENSIKU/export_files/x105_attendance_2025-11-26.json
2025-11-26 18:00:03,660 [INFO] Updated DB record count for machine SN 'A5NS193461028' to 51299.
2025-11-27 06:00:03,731 [INFO] 📥 Retrieved 2 logs (today mode)
2025-11-27 06:00:03,759 [INFO] ✅ 2 new records inserted into /home/dietpi/ABSENSIKU/db_files/x105.db
2025-11-27 06:00:03,761 [INFO] Data exported to /home/dietpi/ABSENSIKU/export_files/x105_attendance_2025-11-27.csv
2025-11-27 06:00:03,763 [INFO] Data exported to /home/dietpi/ABSENSIKU/export_files/x105_attendance_2025-11-27.json
2025-11-27 06:00:03,844 [INFO] Updated DB record count for machine SN 'A5NS193461028' to 51301.
2025-11-27 12:00:03,765 [INFO] 📥 Retrieved 12 logs (today mode)
2025-11-27 12:00:03,811 [INFO] ✅ 10 new records inserted into /home/dietpi/ABSENSIKU/db_files/x105.db
2025-11-27 12:00:03,814 [INFO] Data exported to /home/dietpi/ABSENSIKU/export_files/x105_attendance_2025-11-27.csv
2025-11-27 12:00:03,817 [INFO] Data exported to /home/dietpi/ABSENSIKU/export_files/x105_attendance_2025-11-27.json
2025-11-27 12:00:03,894 [INFO] Updated DB record count for machine SN 'A5NS193461028' to 51311.
2025-11-27 15:00:03,545 [INFO] 📥 Retrieved 18 logs (today mode)
2025-11-27 15:00:03,587 [INFO] ✅ 6 new records inserted into /home/dietpi/ABSENSIKU/db_files/x105.db
2025-11-27 15:00:03,589 [INFO] Data exported to /home/dietpi/ABSENSIKU/export_files/x105_attendance_2025-11-27.csv
2025-11-27 15:00:03,591 [INFO] Data exported to /home/dietpi/ABSENSIKU/export_files/x105_attendance_2025-11-27.json
2025-11-27 15:00:03,653 [INFO] Updated DB record count for machine SN 'A5NS193461028' to 51317.
2025-11-27 18:00:03,632 [INFO] 📥 Retrieved 26 logs (today mode)
2025-11-27 18:00:03,670 [INFO] ✅ 8 new records inserted into /home/dietpi/ABSENSIKU/db_files/x105.db
2025-11-27 18:00:03,674 [INFO] Data exported to /home/dietpi/ABSENSIKU/export_files/x105_attendance_2025-11-27.csv
2025-11-27 18:00:03,679 [INFO] Data exported to /home/dietpi/ABSENSIKU/export_files/x105_attendance_2025-11-27.json
2025-11-27 18:00:03,754 [INFO] Updated DB record count for machine SN 'A5NS193461028' to 51325.
2025-11-28 06:00:03,655 [INFO] 📥 Retrieved 1 logs (today mode)
2025-11-28 06:00:03,680 [INFO] ✅ 1 new records inserted into /home/dietpi/ABSENSIKU/db_files/x105.db
2025-11-28 06:00:03,683 [INFO] Data exported to /home/dietpi/ABSENSIKU/export_files/x105_attendance_2025-11-28.csv
2025-11-28 06:00:03,684 [INFO] Data exported to /home/dietpi/ABSENSIKU/export_files/x105_attendance_2025-11-28.json
2025-11-28 06:00:03,762 [INFO] Updated DB record count for machine SN 'A5NS193461028' to 51326.
2025-11-28 12:00:03,801 [INFO] 📥 Retrieved 13 logs (today mode)
2025-11-28 12:00:03,830 [INFO] ✅ 12 new records inserted into /home/dietpi/ABSENSIKU/db_files/x105.db
2025-11-28 12:00:03,832 [INFO] Data exported to /home/dietpi/ABSENSIKU/export_files/x105_attendance_2025-11-28.csv
2025-11-28 12:00:03,834 [INFO] Data exported to /home/dietpi/ABSENSIKU/export_files/x105_attendance_2025-11-28.json
2025-11-28 12:00:03,908 [INFO] Updated DB record count for machine SN 'A5NS193461028' to 51338.
2025-11-28 15:00:03,664 [INFO] 📥 Retrieved 17 logs (today mode)
2025-11-28 15:00:03,691 [INFO] ✅ 4 new records inserted into /home/dietpi/ABSENSIKU/db_files/x105.db
2025-11-28 15:00:03,695 [INFO] Data exported to /home/dietpi/ABSENSIKU/export_files/x105_attendance_2025-11-28.csv
2025-11-28 15:00:03,699 [INFO] Data exported to /home/dietpi/ABSENSIKU/export_files/x105_attendance_2025-11-28.json
2025-11-28 15:00:03,768 [INFO] Updated DB record count for machine SN 'A5NS193461028' to 51342.
2025-12-10 12:00:03,928 [INFO] 📥 Retrieved 19 logs (today mode)
2025-12-10 12:00:04,041 [INFO] ✅ 19 new records inserted into /home/dietpi/ABSENSIKU/db_files/x105.db
2025-12-10 12:00:04,046 [INFO] Data exported to /home/dietpi/ABSENSIKU/export_files/x105_attendance_2025-12-10.csv
2025-12-10 12:00:04,052 [INFO] Data exported to /home/dietpi/ABSENSIKU/export_files/x105_attendance_2025-12-10.json
2025-12-10 12:00:04,217 [INFO] Updated DB record count for machine SN 'A5NS193461028' to 51361.
2025-12-10 15:00:04,134 [INFO] 📥 Retrieved 26 logs (today mode)
2025-12-10 15:00:04,169 [INFO] ✅ 7 new records inserted into /home/dietpi/ABSENSIKU/db_files/x105.db
2025-12-10 15:00:04,173 [INFO] Data exported to /home/dietpi/ABSENSIKU/export_files/x105_attendance_2025-12-10.csv
2025-12-10 15:00:04,177 [INFO] Data exported to /home/dietpi/ABSENSIKU/export_files/x105_attendance_2025-12-10.json
2025-12-10 15:00:04,257 [INFO] Updated DB record count for machine SN 'A5NS193461028' to 51368.
2025-12-10 18:00:03,956 [INFO] 📥 Retrieved 29 logs (today mode)
2025-12-10 18:00:03,982 [INFO] ✅ 3 new records inserted into /home/dietpi/ABSENSIKU/db_files/x105.db
2025-12-10 18:00:03,986 [INFO] Data exported to /home/dietpi/ABSENSIKU/export_files/x105_attendance_2025-12-10.csv
2025-12-10 18:00:03,991 [INFO] Data exported to /home/dietpi/ABSENSIKU/export_files/x105_attendance_2025-12-10.json
2025-12-10 18:00:04,053 [INFO] Updated DB record count for machine SN 'A5NS193461028' to 51371.
2025-12-11 06:00:03,979 [INFO] 📥 Retrieved 1 logs (today mode)
2025-12-11 06:00:04,787 [INFO] ✅ 1 new records inserted into /home/dietpi/ABSENSIKU/db_files/x105.db
2025-12-11 06:00:04,790 [INFO] Data exported to /home/dietpi/ABSENSIKU/export_files/x105_attendance_2025-12-11.csv
2025-12-11 06:00:04,791 [INFO] Data exported to /home/dietpi/ABSENSIKU/export_files/x105_attendance_2025-12-11.json
2025-12-11 06:00:04,884 [INFO] Updated DB record count for machine SN 'A5NS193461028' to 51372.
2025-12-11 12:00:04,013 [INFO] 📥 Retrieved 13 logs (today mode)
2025-12-11 12:00:04,066 [INFO] ✅ 12 new records inserted into /home/dietpi/ABSENSIKU/db_files/x105.db
2025-12-11 12:00:04,069 [INFO] Data exported to /home/dietpi/ABSENSIKU/export_files/x105_attendance_2025-12-11.csv
2025-12-11 12:00:04,072 [INFO] Data exported to /home/dietpi/ABSENSIKU/export_files/x105_attendance_2025-12-11.json
2025-12-11 12:00:04,151 [INFO] Updated DB record count for machine SN 'A5NS193461028' to 51384.
2025-12-11 15:00:03,995 [INFO] 📥 Retrieved 13 logs (today mode)
2025-12-11 15:00:04,015 [INFO] ✅ 0 new records inserted into /home/dietpi/ABSENSIKU/db_files/x105.db
2025-12-11 15:00:04,017 [INFO] Data exported to /home/dietpi/ABSENSIKU/export_files/x105_attendance_2025-12-11.csv
2025-12-11 15:00:04,021 [INFO] Data exported to /home/dietpi/ABSENSIKU/export_files/x105_attendance_2025-12-11.json
2025-12-11 18:00:04,238 [INFO] 📥 Retrieved 17 logs (today mode)
2025-12-11 18:00:04,264 [INFO] ✅ 4 new records inserted into /home/dietpi/ABSENSIKU/db_files/x105.db
2025-12-11 18:00:04,267 [INFO] Data exported to /home/dietpi/ABSENSIKU/export_files/x105_attendance_2025-12-11.csv
2025-12-11 18:00:04,271 [INFO] Data exported to /home/dietpi/ABSENSIKU/export_files/x105_attendance_2025-12-11.json
2025-12-11 18:00:04,350 [INFO] Updated DB record count for machine SN 'A5NS193461028' to 51388.
2025-12-12 06:00:03,998 [INFO] 📥 Retrieved 2 logs (today mode)
2025-12-12 06:00:04,022 [INFO] ✅ 2 new records inserted into /home/dietpi/ABSENSIKU/db_files/x105.db
2025-12-12 06:00:04,024 [INFO] Data exported to /home/dietpi/ABSENSIKU/export_files/x105_attendance_2025-12-12.csv
2025-12-12 06:00:04,026 [INFO] Data exported to /home/dietpi/ABSENSIKU/export_files/x105_attendance_2025-12-12.json
2025-12-12 06:00:04,102 [INFO] Updated DB record count for machine SN 'A5NS193461028' to 51390.
2025-12-12 12:00:04,022 [INFO] 📥 Retrieved 14 logs (today mode)
2025-12-12 12:00:04,092 [INFO] ✅ 12 new records inserted into /home/dietpi/ABSENSIKU/db_files/x105.db
2025-12-12 12:00:04,095 [INFO] Data exported to /home/dietpi/ABSENSIKU/export_files/x105_attendance_2025-12-12.csv
2025-12-12 12:00:04,099 [INFO] Data exported to /home/dietpi/ABSENSIKU/export_files/x105_attendance_2025-12-12.json
2025-12-12 12:00:04,183 [INFO] Updated DB record count for machine SN 'A5NS193461028' to 51402.
2025-12-12 15:00:04,037 [INFO] 📥 Retrieved 18 logs (today mode)
2025-12-12 15:00:04,068 [INFO] ✅ 4 new records inserted into /home/dietpi/ABSENSIKU/db_files/x105.db
2025-12-12 15:00:04,071 [INFO] Data exported to /home/dietpi/ABSENSIKU/export_files/x105_attendance_2025-12-12.csv
2025-12-12 15:00:04,080 [INFO] Data exported to /home/dietpi/ABSENSIKU/export_files/x105_attendance_2025-12-12.json
2025-12-12 15:00:04,157 [INFO] Updated DB record count for machine SN 'A5NS193461028' to 51406.
2025-12-12 18:00:03,999 [INFO] 📥 Retrieved 19 logs (today mode)
2025-12-12 18:00:04,039 [INFO] ✅ 1 new records inserted into /home/dietpi/ABSENSIKU/db_files/x105.db
2025-12-12 18:00:04,042 [INFO] Data exported to /home/dietpi/ABSENSIKU/export_files/x105_attendance_2025-12-12.csv
2025-12-12 18:00:04,046 [INFO] Data exported to /home/dietpi/ABSENSIKU/export_files/x105_attendance_2025-12-12.json
2025-12-12 18:00:04,126 [INFO] Updated DB record count for machine SN 'A5NS193461028' to 51407.
2025-12-13 06:00:04,019 [INFO] 📥 Retrieved 1 logs (today mode)
2025-12-13 06:00:04,051 [INFO] ✅ 1 new records inserted into /home/dietpi/ABSENSIKU/db_files/x105.db
2025-12-13 06:00:04,053 [INFO] Data exported to /home/dietpi/ABSENSIKU/export_files/x105_attendance_2025-12-13.csv
2025-12-13 06:00:04,055 [INFO] Data exported to /home/dietpi/ABSENSIKU/export_files/x105_attendance_2025-12-13.json
2025-12-13 06:00:04,146 [INFO] Updated DB record count for machine SN 'A5NS193461028' to 51408.
2025-12-13 12:00:03,962 [INFO] 📥 Retrieved 2 logs (today mode)
2025-12-13 12:00:03,995 [INFO] ✅ 1 new records inserted into /home/dietpi/ABSENSIKU/db_files/x105.db
2025-12-13 12:00:03,998 [INFO] Data exported to /home/dietpi/ABSENSIKU/export_files/x105_attendance_2025-12-13.csv
2025-12-13 12:00:04,000 [INFO] Data exported to /home/dietpi/ABSENSIKU/export_files/x105_attendance_2025-12-13.json
2025-12-13 12:00:04,078 [INFO] Updated DB record count for machine SN 'A5NS193461028' to 51409.
2025-12-13 15:00:03,956 [INFO] 📥 Retrieved 3 logs (today mode)
2025-12-13 15:00:03,978 [INFO] ✅ 1 new records inserted into /home/dietpi/ABSENSIKU/db_files/x105.db
2025-12-13 15:00:03,981 [INFO] Data exported to /home/dietpi/ABSENSIKU/export_files/x105_attendance_2025-12-13.csv
2025-12-13 15:00:03,983 [INFO] Data exported to /home/dietpi/ABSENSIKU/export_files/x105_attendance_2025-12-13.json
2025-12-13 15:00:04,059 [INFO] Updated DB record count for machine SN 'A5NS193461028' to 51410.
2025-12-13 18:00:04,101 [INFO] 📥 Retrieved 3 logs (today mode)
2025-12-13 18:00:04,125 [INFO] ✅ 0 new records inserted into /home/dietpi/ABSENSIKU/db_files/x105.db
2025-12-13 18:00:04,127 [INFO] Data exported to /home/dietpi/ABSENSIKU/export_files/x105_attendance_2025-12-13.csv
2025-12-13 18:00:04,129 [INFO] Data exported to /home/dietpi/ABSENSIKU/export_files/x105_attendance_2025-12-13.json
2025-12-14 06:00:04,095 [INFO] 📥 Retrieved 1 logs (today mode)
2025-12-14 06:00:04,120 [INFO] ✅ 1 new records inserted into /home/dietpi/ABSENSIKU/db_files/x105.db
2025-12-14 06:00:04,123 [INFO] Data exported to /home/dietpi/ABSENSIKU/export_files/x105_attendance_2025-12-14.csv
2025-12-14 06:00:04,124 [INFO] Data exported to /home/dietpi/ABSENSIKU/export_files/x105_attendance_2025-12-14.json
2025-12-14 06:00:04,189 [INFO] Updated DB record count for machine SN 'A5NS193461028' to 51411.
2025-12-14 12:00:04,130 [INFO] 📥 Retrieved 1 logs (today mode)
2025-12-14 12:00:04,149 [INFO] ✅ 0 new records inserted into /home/dietpi/ABSENSIKU/db_files/x105.db
2025-12-14 12:00:04,151 [INFO] Data exported to /home/dietpi/ABSENSIKU/export_files/x105_attendance_2025-12-14.csv
2025-12-14 12:00:04,153 [INFO] Data exported to /home/dietpi/ABSENSIKU/export_files/x105_attendance_2025-12-14.json
2025-12-14 15:00:04,009 [INFO] 📥 Retrieved 1 logs (today mode)
2025-12-14 15:00:04,028 [INFO] ✅ 0 new records inserted into /home/dietpi/ABSENSIKU/db_files/x105.db
2025-12-14 15:00:04,031 [INFO] Data exported to /home/dietpi/ABSENSIKU/export_files/x105_attendance_2025-12-14.csv
2025-12-14 15:00:04,033 [INFO] Data exported to /home/dietpi/ABSENSIKU/export_files/x105_attendance_2025-12-14.json
2025-12-14 18:00:04,074 [INFO] 📥 Retrieved 1 logs (today mode)
2025-12-14 18:00:04,096 [INFO] ✅ 0 new records inserted into /home/dietpi/ABSENSIKU/db_files/x105.db
2025-12-14 18:00:04,098 [INFO] Data exported to /home/dietpi/ABSENSIKU/export_files/x105_attendance_2025-12-14.csv
2025-12-14 18:00:04,100 [INFO] Data exported to /home/dietpi/ABSENSIKU/export_files/x105_attendance_2025-12-14.json
2025-12-15 06:00:04,076 [INFO] 📥 Retrieved 1 logs (today mode)
2025-12-15 06:00:04,099 [INFO] ✅ 1 new records inserted into /home/dietpi/ABSENSIKU/db_files/x105.db
2025-12-15 06:00:04,100 [INFO] Data exported to /home/dietpi/ABSENSIKU/export_files/x105_attendance_2025-12-15.csv
2025-12-15 06:00:04,101 [INFO] Data exported to /home/dietpi/ABSENSIKU/export_files/x105_attendance_2025-12-15.json
2025-12-15 06:00:04,167 [INFO] Updated DB record count for machine SN 'A5NS193461028' to 51412.
2025-12-15 12:00:04,093 [INFO] 📥 Retrieved 10 logs (today mode)
2025-12-15 12:00:04,130 [INFO] ✅ 9 new records inserted into /home/dietpi/ABSENSIKU/db_files/x105.db
2025-12-15 12:00:04,133 [INFO] Data exported to /home/dietpi/ABSENSIKU/export_files/x105_attendance_2025-12-15.csv
2025-12-15 12:00:04,136 [INFO] Data exported to /home/dietpi/ABSENSIKU/export_files/x105_attendance_2025-12-15.json
2025-12-15 12:00:04,263 [INFO] Updated DB record count for machine SN 'A5NS193461028' to 51421.
2025-12-15 15:00:04,045 [INFO] 📥 Retrieved 12 logs (today mode)
2025-12-15 15:00:04,123 [INFO] ✅ 2 new records inserted into /home/dietpi/ABSENSIKU/db_files/x105.db
2025-12-15 15:00:04,126 [INFO] Data exported to /home/dietpi/ABSENSIKU/export_files/x105_attendance_2025-12-15.csv
2025-12-15 15:00:04,129 [INFO] Data exported to /home/dietpi/ABSENSIKU/export_files/x105_attendance_2025-12-15.json
2025-12-15 15:00:04,218 [INFO] Updated DB record count for machine SN 'A5NS193461028' to 51423.
2025-12-15 18:00:04,152 [INFO] 📥 Retrieved 14 logs (today mode)
2025-12-15 18:00:04,213 [INFO] ✅ 2 new records inserted into /home/dietpi/ABSENSIKU/db_files/x105.db
2025-12-15 18:00:04,217 [INFO] Data exported to /home/dietpi/ABSENSIKU/export_files/x105_attendance_2025-12-15.csv
2025-12-15 18:00:04,220 [INFO] Data exported to /home/dietpi/ABSENSIKU/export_files/x105_attendance_2025-12-15.json
2025-12-15 18:00:04,297 [INFO] Updated DB record count for machine SN 'A5NS193461028' to 51425.
2025-12-16 06:00:04,084 [INFO] 📥 Retrieved 2 logs (today mode)
2025-12-16 06:00:04,109 [INFO] ✅ 2 new records inserted into /home/dietpi/ABSENSIKU/db_files/x105.db
2025-12-16 06:00:04,112 [INFO] Data exported to /home/dietpi/ABSENSIKU/export_files/x105_attendance_2025-12-16.csv
2025-12-16 06:00:04,113 [INFO] Data exported to /home/dietpi/ABSENSIKU/export_files/x105_attendance_2025-12-16.json
2025-12-16 06:00:04,250 [INFO] Updated DB record count for machine SN 'A5NS193461028' to 51427.
2025-12-16 12:00:04,075 [INFO] 📥 Retrieved 6 logs (today mode)
2025-12-16 12:00:05,698 [INFO] ✅ 4 new records inserted into /home/dietpi/ABSENSIKU/db_files/x105.db
2025-12-16 12:00:05,701 [INFO] Data exported to /home/dietpi/ABSENSIKU/export_files/x105_attendance_2025-12-16.csv
2025-12-16 12:00:05,704 [INFO] Data exported to /home/dietpi/ABSENSIKU/export_files/x105_attendance_2025-12-16.json
2025-12-16 12:00:05,783 [INFO] Updated DB record count for machine SN 'A5NS193461028' to 51431.
2025-12-16 15:00:04,374 [INFO] 📥 Retrieved 11 logs (today mode)
2025-12-16 15:00:05,163 [INFO] ✅ 5 new records inserted into /home/dietpi/ABSENSIKU/db_files/x105.db
2025-12-16 15:00:05,166 [INFO] Data exported to /home/dietpi/ABSENSIKU/export_files/x105_attendance_2025-12-16.csv
2025-12-16 15:00:05,169 [INFO] Data exported to /home/dietpi/ABSENSIKU/export_files/x105_attendance_2025-12-16.json
2025-12-16 15:00:05,260 [INFO] Updated DB record count for machine SN 'A5NS193461028' to 51436.
2025-12-16 18:00:04,044 [INFO] 📥 Retrieved 13 logs (today mode)
2025-12-16 18:00:04,071 [INFO] ✅ 2 new records inserted into /home/dietpi/ABSENSIKU/db_files/x105.db
2025-12-16 18:00:04,073 [INFO] Data exported to /home/dietpi/ABSENSIKU/export_files/x105_attendance_2025-12-16.csv
2025-12-16 18:00:04,077 [INFO] Data exported to /home/dietpi/ABSENSIKU/export_files/x105_attendance_2025-12-16.json
2025-12-16 18:00:04,155 [INFO] Updated DB record count for machine SN 'A5NS193461028' to 51438.
2025-12-17 06:00:04,222 [INFO] 📥 Retrieved 2 logs (today mode)
2025-12-17 06:00:04,279 [INFO] ✅ 2 new records inserted into /home/dietpi/ABSENSIKU/db_files/x105.db
2025-12-17 06:00:04,281 [INFO] Data exported to /home/dietpi/ABSENSIKU/export_files/x105_attendance_2025-12-17.csv
2025-12-17 06:00:04,283 [INFO] Data exported to /home/dietpi/ABSENSIKU/export_files/x105_attendance_2025-12-17.json
2025-12-17 06:00:04,365 [INFO] Updated DB record count for machine SN 'A5NS193461028' to 51440.
2025-12-17 12:00:04,141 [INFO] 📥 Retrieved 9 logs (today mode)
2025-12-17 12:00:04,188 [INFO] ✅ 7 new records inserted into /home/dietpi/ABSENSIKU/db_files/x105.db
2025-12-17 12:00:04,192 [INFO] Data exported to /home/dietpi/ABSENSIKU/export_files/x105_attendance_2025-12-17.csv
2025-12-17 12:00:04,194 [INFO] Data exported to /home/dietpi/ABSENSIKU/export_files/x105_attendance_2025-12-17.json
2025-12-17 12:00:04,271 [INFO] Updated DB record count for machine SN 'A5NS193461028' to 51447.
2025-12-17 15:00:04,155 [INFO] 📥 Retrieved 18 logs (today mode)
2025-12-17 15:00:04,931 [INFO] ✅ 9 new records inserted into /home/dietpi/ABSENSIKU/db_files/x105.db
2025-12-17 15:00:04,934 [INFO] Data exported to /home/dietpi/ABSENSIKU/export_files/x105_attendance_2025-12-17.csv
2025-12-17 15:00:04,938 [INFO] Data exported to /home/dietpi/ABSENSIKU/export_files/x105_attendance_2025-12-17.json
2025-12-17 15:00:05,013 [INFO] Updated DB record count for machine SN 'A5NS193461028' to 51456.
2025-12-17 18:00:04,206 [INFO] 📥 Retrieved 19 logs (today mode)
2025-12-17 18:00:04,235 [INFO] ✅ 1 new records inserted into /home/dietpi/ABSENSIKU/db_files/x105.db
2025-12-17 18:00:04,238 [INFO] Data exported to /home/dietpi/ABSENSIKU/export_files/x105_attendance_2025-12-17.csv
2025-12-17 18:00:04,243 [INFO] Data exported to /home/dietpi/ABSENSIKU/export_files/x105_attendance_2025-12-17.json
2025-12-17 18:00:04,321 [INFO] Updated DB record count for machine SN 'A5NS193461028' to 51457.
2025-12-18 06:00:04,386 [INFO] 📥 Retrieved 1 logs (today mode)
2025-12-18 06:00:04,420 [INFO] ✅ 1 new records inserted into /home/dietpi/ABSENSIKU/db_files/x105.db
2025-12-18 06:00:04,422 [INFO] Data exported to /home/dietpi/ABSENSIKU/export_files/x105_attendance_2025-12-18.csv
2025-12-18 06:00:04,424 [INFO] Data exported to /home/dietpi/ABSENSIKU/export_files/x105_attendance_2025-12-18.json
2025-12-18 06:00:04,506 [INFO] Updated DB record count for machine SN 'A5NS193461028' to 51458.
2025-12-18 12:00:04,189 [INFO] 📥 Retrieved 14 logs (today mode)
2025-12-18 12:00:04,244 [INFO] ✅ 13 new records inserted into /home/dietpi/ABSENSIKU/db_files/x105.db
2025-12-18 12:00:04,247 [INFO] Data exported to /home/dietpi/ABSENSIKU/export_files/x105_attendance_2025-12-18.csv
2025-12-18 12:00:04,252 [INFO] Data exported to /home/dietpi/ABSENSIKU/export_files/x105_attendance_2025-12-18.json
2025-12-18 12:00:04,324 [INFO] Updated DB record count for machine SN 'A5NS193461028' to 51471.
2025-12-18 15:00:04,415 [INFO] 📥 Retrieved 20 logs (today mode)
2025-12-18 15:00:04,448 [INFO] ✅ 6 new records inserted into /home/dietpi/ABSENSIKU/db_files/x105.db
2025-12-18 15:00:04,452 [INFO] Data exported to /home/dietpi/ABSENSIKU/export_files/x105_attendance_2025-12-18.csv
2025-12-18 15:00:04,456 [INFO] Data exported to /home/dietpi/ABSENSIKU/export_files/x105_attendance_2025-12-18.json
2025-12-18 15:00:04,528 [INFO] Updated DB record count for machine SN 'A5NS193461028' to 51477.
2025-12-18 18:00:04,294 [INFO] 📥 Retrieved 21 logs (today mode)
2025-12-18 18:00:04,326 [INFO] ✅ 1 new records inserted into /home/dietpi/ABSENSIKU/db_files/x105.db
2025-12-18 18:00:04,329 [INFO] Data exported to /home/dietpi/ABSENSIKU/export_files/x105_attendance_2025-12-18.csv
2025-12-18 18:00:04,334 [INFO] Data exported to /home/dietpi/ABSENSIKU/export_files/x105_attendance_2025-12-18.json
2025-12-18 18:00:04,406 [INFO] Updated DB record count for machine SN 'A5NS193461028' to 51478.
2025-12-19 06:00:04,324 [INFO] 📥 Retrieved 1 logs (today mode)
2025-12-19 06:00:04,349 [INFO] ✅ 1 new records inserted into /home/dietpi/ABSENSIKU/db_files/x105.db
2025-12-19 06:00:04,352 [INFO] Data exported to /home/dietpi/ABSENSIKU/export_files/x105_attendance_2025-12-19.csv
2025-12-19 06:00:04,353 [INFO] Data exported to /home/dietpi/ABSENSIKU/export_files/x105_attendance_2025-12-19.json
2025-12-19 06:00:04,428 [INFO] Updated DB record count for machine SN 'A5NS193461028' to 51479.
2025-12-19 12:00:04,237 [INFO] 📥 Retrieved 8 logs (today mode)
2025-12-19 12:00:04,310 [INFO] ✅ 7 new records inserted into /home/dietpi/ABSENSIKU/db_files/x105.db
2025-12-19 12:00:04,313 [INFO] Data exported to /home/dietpi/ABSENSIKU/export_files/x105_attendance_2025-12-19.csv
2025-12-19 12:00:04,316 [INFO] Data exported to /home/dietpi/ABSENSIKU/export_files/x105_attendance_2025-12-19.json
2025-12-19 12:00:04,393 [INFO] Updated DB record count for machine SN 'A5NS193461028' to 51486.
2025-12-19 15:00:04,125 [INFO] 📥 Retrieved 13 logs (today mode)
2025-12-19 15:00:04,162 [INFO] ✅ 5 new records inserted into /home/dietpi/ABSENSIKU/db_files/x105.db
2025-12-19 15:00:04,166 [INFO] Data exported to /home/dietpi/ABSENSIKU/export_files/x105_attendance_2025-12-19.csv
2025-12-19 15:00:04,169 [INFO] Data exported to /home/dietpi/ABSENSIKU/export_files/x105_attendance_2025-12-19.json
2025-12-19 15:00:04,244 [INFO] Updated DB record count for machine SN 'A5NS193461028' to 51491.
2025-12-19 18:00:04,365 [INFO] 📥 Retrieved 18 logs (today mode)
2025-12-19 18:00:04,406 [INFO] ✅ 5 new records inserted into /home/dietpi/ABSENSIKU/db_files/x105.db
2025-12-19 18:00:04,409 [INFO] Data exported to /home/dietpi/ABSENSIKU/export_files/x105_attendance_2025-12-19.csv
2025-12-19 18:00:04,413 [INFO] Data exported to /home/dietpi/ABSENSIKU/export_files/x105_attendance_2025-12-19.json
2025-12-19 18:00:04,491 [INFO] Updated DB record count for machine SN 'A5NS193461028' to 51496.
2025-12-20 06:00:04,144 [INFO] 📥 Retrieved 0 logs (today mode)
2025-12-20 06:00:04,145 [INFO] No logs found in the specified range.
2025-12-20 12:00:04,514 [INFO] 📥 Retrieved 0 logs (today mode)
2025-12-20 12:00:04,515 [INFO] No logs found in the specified range.
2025-12-20 15:00:04,197 [INFO] 📥 Retrieved 0 logs (today mode)
2025-12-20 15:00:04,198 [INFO] No logs found in the specified range.
2025-12-20 18:00:04,260 [INFO] 📥 Retrieved 0 logs (today mode)
2025-12-20 18:00:04,261 [INFO] No logs found in the specified range.
2025-12-21 06:00:04,186 [INFO] 📥 Retrieved 0 logs (today mode)
2025-12-21 06:00:04,187 [INFO] No logs found in the specified range.
2025-12-21 12:00:04,327 [INFO] 📥 Retrieved 0 logs (today mode)
2025-12-21 12:00:04,328 [INFO] No logs found in the specified range.
2025-12-21 15:00:04,229 [INFO] 📥 Retrieved 1 logs (today mode)
2025-12-21 15:00:04,257 [INFO] ✅ 1 new records inserted into /home/dietpi/ABSENSIKU/db_files/x105.db
2025-12-21 15:00:04,261 [INFO] Data exported to /home/dietpi/ABSENSIKU/export_files/x105_attendance_2025-12-21.csv
2025-12-21 15:00:04,263 [INFO] Data exported to /home/dietpi/ABSENSIKU/export_files/x105_attendance_2025-12-21.json
2025-12-21 15:00:04,340 [INFO] Updated DB record count for machine SN 'A5NS193461028' to 51497.
2025-12-21 18:00:04,374 [INFO] 📥 Retrieved 1 logs (today mode)
2025-12-21 18:00:04,392 [INFO] ✅ 0 new records inserted into /home/dietpi/ABSENSIKU/db_files/x105.db
2025-12-21 18:00:04,394 [INFO] Data exported to /home/dietpi/ABSENSIKU/export_files/x105_attendance_2025-12-21.csv
2025-12-21 18:00:04,396 [INFO] Data exported to /home/dietpi/ABSENSIKU/export_files/x105_attendance_2025-12-21.json
2025-12-22 12:00:04,236 [INFO] 📥 Retrieved 9 logs (today mode)
2025-12-22 12:00:04,276 [INFO] ✅ 9 new records inserted into /home/dietpi/ABSENSIKU/db_files/x105.db
2025-12-22 12:00:04,280 [INFO] Data exported to /home/dietpi/ABSENSIKU/export_files/x105_attendance_2025-12-22.csv
2025-12-22 12:00:04,282 [INFO] Data exported to /home/dietpi/ABSENSIKU/export_files/x105_attendance_2025-12-22.json
2025-12-22 12:00:04,346 [INFO] Updated DB record count for machine SN 'A5NS193461028' to 51506.
2025-12-22 15:00:04,822 [INFO] 📥 Retrieved 12 logs (today mode)
2025-12-22 15:00:04,865 [INFO] ✅ 3 new records inserted into /home/dietpi/ABSENSIKU/db_files/x105.db
2025-12-22 15:00:04,868 [INFO] Data exported to /home/dietpi/ABSENSIKU/export_files/x105_attendance_2025-12-22.csv
2025-12-22 15:00:04,872 [INFO] Data exported to /home/dietpi/ABSENSIKU/export_files/x105_attendance_2025-12-22.json
2025-12-22 15:00:04,950 [INFO] Updated DB record count for machine SN 'A5NS193461028' to 51509.
2025-12-22 18:00:04,238 [INFO] 📥 Retrieved 18 logs (today mode)
2025-12-22 18:00:04,270 [INFO] ✅ 6 new records inserted into /home/dietpi/ABSENSIKU/db_files/x105.db
2025-12-22 18:00:04,274 [INFO] Data exported to /home/dietpi/ABSENSIKU/export_files/x105_attendance_2025-12-22.csv
2025-12-22 18:00:04,277 [INFO] Data exported to /home/dietpi/ABSENSIKU/export_files/x105_attendance_2025-12-22.json
2025-12-22 18:00:04,353 [INFO] Updated DB record count for machine SN 'A5NS193461028' to 51515.
2025-12-23 06:00:04,250 [INFO] 📥 Retrieved 1 logs (today mode)
2025-12-23 06:00:04,283 [INFO] ✅ 1 new records inserted into /home/dietpi/ABSENSIKU/db_files/x105.db
2025-12-23 06:00:04,287 [INFO] Data exported to /home/dietpi/ABSENSIKU/export_files/x105_attendance_2025-12-23.csv
2025-12-23 06:00:04,289 [INFO] Data exported to /home/dietpi/ABSENSIKU/export_files/x105_attendance_2025-12-23.json
2025-12-23 06:00:04,468 [INFO] Updated DB record count for machine SN 'A5NS193461028' to 51516.
2025-12-23 12:00:04,238 [INFO] 📥 Retrieved 17 logs (today mode)
2025-12-23 12:00:04,301 [INFO] ✅ 15 new records inserted into /home/dietpi/ABSENSIKU/db_files/x105.db
2025-12-23 12:00:04,304 [INFO] Data exported to /home/dietpi/ABSENSIKU/export_files/x105_attendance_2025-12-23.csv
2025-12-23 12:00:04,308 [INFO] Data exported to /home/dietpi/ABSENSIKU/export_files/x105_attendance_2025-12-23.json
2025-12-23 12:00:04,386 [INFO] Updated DB record count for machine SN 'A5NS193461028' to 51531.
2025-12-23 15:00:04,259 [INFO] 📥 Retrieved 22 logs (today mode)
2025-12-23 15:00:04,287 [INFO] ✅ 5 new records inserted into /home/dietpi/ABSENSIKU/db_files/x105.db
2025-12-23 15:00:04,290 [INFO] Data exported to /home/dietpi/ABSENSIKU/export_files/x105_attendance_2025-12-23.csv
2025-12-23 15:00:04,292 [INFO] Data exported to /home/dietpi/ABSENSIKU/export_files/x105_attendance_2025-12-23.json
2025-12-23 15:00:04,353 [INFO] Updated DB record count for machine SN 'A5NS193461028' to 51536.
2025-12-23 18:00:04,240 [INFO] 📥 Retrieved 23 logs (today mode)
2025-12-23 18:00:04,287 [INFO] ✅ 1 new records inserted into /home/dietpi/ABSENSIKU/db_files/x105.db
2025-12-23 18:00:04,291 [INFO] Data exported to /home/dietpi/ABSENSIKU/export_files/x105_attendance_2025-12-23.csv
2025-12-23 18:00:04,296 [INFO] Data exported to /home/dietpi/ABSENSIKU/export_files/x105_attendance_2025-12-23.json
2025-12-23 18:00:04,374 [INFO] Updated DB record count for machine SN 'A5NS193461028' to 51537.
2025-12-24 06:00:04,292 [INFO] 📥 Retrieved 1 logs (today mode)
2025-12-24 06:00:04,316 [INFO] ✅ 1 new records inserted into /home/dietpi/ABSENSIKU/db_files/x105.db
2025-12-24 06:00:04,318 [INFO] Data exported to /home/dietpi/ABSENSIKU/export_files/x105_attendance_2025-12-24.csv
2025-12-24 06:00:04,320 [INFO] Data exported to /home/dietpi/ABSENSIKU/export_files/x105_attendance_2025-12-24.json
2025-12-24 06:00:04,401 [INFO] Updated DB record count for machine SN 'A5NS193461028' to 51538.
2025-12-24 12:00:04,291 [INFO] 📥 Retrieved 10 logs (today mode)
2025-12-24 12:00:04,331 [INFO] ✅ 9 new records inserted into /home/dietpi/ABSENSIKU/db_files/x105.db
2025-12-24 12:00:04,334 [INFO] Data exported to /home/dietpi/ABSENSIKU/export_files/x105_attendance_2025-12-24.csv
2025-12-24 12:00:04,337 [INFO] Data exported to /home/dietpi/ABSENSIKU/export_files/x105_attendance_2025-12-24.json
2025-12-24 12:00:04,412 [INFO] Updated DB record count for machine SN 'A5NS193461028' to 51547.
2025-12-24 15:00:04,402 [INFO] 📥 Retrieved 15 logs (today mode)
2025-12-24 15:00:04,428 [INFO] ✅ 5 new records inserted into /home/dietpi/ABSENSIKU/db_files/x105.db
2025-12-24 15:00:04,432 [INFO] Data exported to /home/dietpi/ABSENSIKU/export_files/x105_attendance_2025-12-24.csv
2025-12-24 15:00:04,435 [INFO] Data exported to /home/dietpi/ABSENSIKU/export_files/x105_attendance_2025-12-24.json
2025-12-24 15:00:04,549 [INFO] Updated DB record count for machine SN 'A5NS193461028' to 51552.
2025-12-29 12:00:04,301 [INFO] 📥 Retrieved 10 logs (today mode)
2025-12-29 12:00:04,401 [INFO] ✅ 10 new records inserted into /home/dietpi/ABSENSIKU/db_files/x105.db
2025-12-29 12:00:04,405 [INFO] Data exported to /home/dietpi/ABSENSIKU/export_files/x105_attendance_2025-12-29.csv
2025-12-29 12:00:04,407 [INFO] Data exported to /home/dietpi/ABSENSIKU/export_files/x105_attendance_2025-12-29.json
2025-12-29 12:00:04,575 [INFO] Updated DB record count for machine SN 'A5NS193461028' to 51562.
2025-12-29 15:00:04,261 [INFO] 📥 Retrieved 16 logs (today mode)
2025-12-29 15:00:04,293 [INFO] ✅ 6 new records inserted into /home/dietpi/ABSENSIKU/db_files/x105.db
2025-12-29 15:00:04,296 [INFO] Data exported to /home/dietpi/ABSENSIKU/export_files/x105_attendance_2025-12-29.csv
2025-12-29 15:00:04,300 [INFO] Data exported to /home/dietpi/ABSENSIKU/export_files/x105_attendance_2025-12-29.json
2025-12-29 15:00:04,376 [INFO] Updated DB record count for machine SN 'A5NS193461028' to 51568.
2025-12-29 18:00:04,397 [INFO] 📥 Retrieved 17 logs (today mode)
2025-12-29 18:00:04,424 [INFO] ✅ 1 new records inserted into /home/dietpi/ABSENSIKU/db_files/x105.db
2025-12-29 18:00:04,427 [INFO] Data exported to /home/dietpi/ABSENSIKU/export_files/x105_attendance_2025-12-29.csv
2025-12-29 18:00:04,431 [INFO] Data exported to /home/dietpi/ABSENSIKU/export_files/x105_attendance_2025-12-29.json
2025-12-29 18:00:04,506 [INFO] Updated DB record count for machine SN 'A5NS193461028' to 51569.
2025-12-30 06:00:04,360 [INFO] 📥 Retrieved 1 logs (today mode)
2025-12-30 06:00:04,412 [INFO] ✅ 1 new records inserted into /home/dietpi/ABSENSIKU/db_files/x105.db
2025-12-30 06:00:04,414 [INFO] Data exported to /home/dietpi/ABSENSIKU/export_files/x105_attendance_2025-12-30.csv
2025-12-30 06:00:04,416 [INFO] Data exported to /home/dietpi/ABSENSIKU/export_files/x105_attendance_2025-12-30.json
2025-12-30 06:00:04,492 [INFO] Updated DB record count for machine SN 'A5NS193461028' to 51570.
2025-12-30 12:00:04,313 [INFO] 📥 Retrieved 9 logs (today mode)
2025-12-30 12:00:04,356 [INFO] ✅ 8 new records inserted into /home/dietpi/ABSENSIKU/db_files/x105.db
2025-12-30 12:00:04,359 [INFO] Data exported to /home/dietpi/ABSENSIKU/export_files/x105_attendance_2025-12-30.csv
2025-12-30 12:00:04,362 [INFO] Data exported to /home/dietpi/ABSENSIKU/export_files/x105_attendance_2025-12-30.json
2025-12-30 12:00:04,440 [INFO] Updated DB record count for machine SN 'A5NS193461028' to 51578.
2025-12-30 15:00:04,360 [INFO] 📥 Retrieved 12 logs (today mode)
2025-12-30 15:00:04,396 [INFO] ✅ 3 new records inserted into /home/dietpi/ABSENSIKU/db_files/x105.db
2025-12-30 15:00:04,399 [INFO] Data exported to /home/dietpi/ABSENSIKU/export_files/x105_attendance_2025-12-30.csv
2025-12-30 15:00:04,402 [INFO] Data exported to /home/dietpi/ABSENSIKU/export_files/x105_attendance_2025-12-30.json
2025-12-30 15:00:04,477 [INFO] Updated DB record count for machine SN 'A5NS193461028' to 51581.
2025-12-30 18:00:04,330 [INFO] 📥 Retrieved 18 logs (today mode)
2025-12-30 18:00:04,359 [INFO] ✅ 6 new records inserted into /home/dietpi/ABSENSIKU/db_files/x105.db
2025-12-30 18:00:04,362 [INFO] Data exported to /home/dietpi/ABSENSIKU/export_files/x105_attendance_2025-12-30.csv
2025-12-30 18:00:04,366 [INFO] Data exported to /home/dietpi/ABSENSIKU/export_files/x105_attendance_2025-12-30.json
2025-12-30 18:00:04,438 [INFO] Updated DB record count for machine SN 'A5NS193461028' to 51587.
2025-12-31 06:00:04,303 [INFO] 📥 Retrieved 2 logs (today mode)
2025-12-31 06:00:04,329 [INFO] ✅ 2 new records inserted into /home/dietpi/ABSENSIKU/db_files/x105.db
2025-12-31 06:00:04,331 [INFO] Data exported to /home/dietpi/ABSENSIKU/export_files/x105_attendance_2025-12-31.csv
2025-12-31 06:00:04,333 [INFO] Data exported to /home/dietpi/ABSENSIKU/export_files/x105_attendance_2025-12-31.json
2025-12-31 06:00:04,409 [INFO] Updated DB record count for machine SN 'A5NS193461028' to 51589.
2025-12-31 12:00:04,467 [INFO] 📥 Retrieved 4 logs (today mode)
2025-12-31 12:00:04,503 [INFO] ✅ 2 new records inserted into /home/dietpi/ABSENSIKU/db_files/x105.db
2025-12-31 12:00:04,506 [INFO] Data exported to /home/dietpi/ABSENSIKU/export_files/x105_attendance_2025-12-31.csv
2025-12-31 12:00:04,508 [INFO] Data exported to /home/dietpi/ABSENSIKU/export_files/x105_attendance_2025-12-31.json
2025-12-31 12:00:04,591 [INFO] Updated DB record count for machine SN 'A5NS193461028' to 51591.
2025-12-31 15:00:04,846 [INFO] 📥 Retrieved 7 logs (today mode)
2025-12-31 15:00:04,872 [INFO] ✅ 3 new records inserted into /home/dietpi/ABSENSIKU/db_files/x105.db
2025-12-31 15:00:04,874 [INFO] Data exported to /home/dietpi/ABSENSIKU/export_files/x105_attendance_2025-12-31.csv
2025-12-31 15:00:04,877 [INFO] Data exported to /home/dietpi/ABSENSIKU/export_files/x105_attendance_2025-12-31.json
2025-12-31 15:00:04,970 [INFO] Updated DB record count for machine SN 'A5NS193461028' to 51594.
2025-12-31 18:00:04,349 [INFO] 📥 Retrieved 8 logs (today mode)
2025-12-31 18:00:04,381 [INFO] ✅ 1 new records inserted into /home/dietpi/ABSENSIKU/db_files/x105.db
2025-12-31 18:00:04,384 [INFO] Data exported to /home/dietpi/ABSENSIKU/export_files/x105_attendance_2025-12-31.csv
2025-12-31 18:00:04,387 [INFO] Data exported to /home/dietpi/ABSENSIKU/export_files/x105_attendance_2025-12-31.json
2025-12-31 18:00:04,464 [INFO] Updated DB record count for machine SN 'A5NS193461028' to 51595.
2026-01-01 06:00:04,354 [INFO] 📥 Retrieved 1 logs (today mode)
2026-01-01 06:00:04,377 [INFO] ✅ 1 new records inserted into /home/dietpi/ABSENSIKU/db_files/x105.db
2026-01-01 06:00:04,379 [INFO] Data exported to /home/dietpi/ABSENSIKU/export_files/x105_attendance_2026-01-01.csv
2026-01-01 06:00:04,380 [INFO] Data exported to /home/dietpi/ABSENSIKU/export_files/x105_attendance_2026-01-01.json
2026-01-01 06:00:04,451 [INFO] Updated DB record count for machine SN 'A5NS193461028' to 51596.
2026-01-01 12:00:04,488 [INFO] 📥 Retrieved 1 logs (today mode)
2026-01-01 12:00:04,505 [INFO] ✅ 0 new records inserted into /home/dietpi/ABSENSIKU/db_files/x105.db
2026-01-01 12:00:04,508 [INFO] Data exported to /home/dietpi/ABSENSIKU/export_files/x105_attendance_2026-01-01.csv
2026-01-01 12:00:04,510 [INFO] Data exported to /home/dietpi/ABSENSIKU/export_files/x105_attendance_2026-01-01.json
2026-01-01 15:00:04,440 [INFO] 📥 Retrieved 1 logs (today mode)
2026-01-01 15:00:04,460 [INFO] ✅ 0 new records inserted into /home/dietpi/ABSENSIKU/db_files/x105.db
2026-01-01 15:00:04,463 [INFO] Data exported to /home/dietpi/ABSENSIKU/export_files/x105_attendance_2026-01-01.csv
2026-01-01 15:00:04,465 [INFO] Data exported to /home/dietpi/ABSENSIKU/export_files/x105_attendance_2026-01-01.json
2026-01-01 18:00:04,273 [INFO] 📥 Retrieved 2 logs (today mode)
2026-01-01 18:00:04,297 [INFO] ✅ 1 new records inserted into /home/dietpi/ABSENSIKU/db_files/x105.db
2026-01-01 18:00:04,300 [INFO] Data exported to /home/dietpi/ABSENSIKU/export_files/x105_attendance_2026-01-01.csv
2026-01-01 18:00:04,301 [INFO] Data exported to /home/dietpi/ABSENSIKU/export_files/x105_attendance_2026-01-01.json
2026-01-01 18:00:04,374 [INFO] Updated DB record count for machine SN 'A5NS193461028' to 51597.
2026-01-02 06:00:04,477 [INFO] 📥 Retrieved 0 logs (today mode)
2026-01-02 06:00:04,478 [INFO] No logs found in the specified range.
2026-01-02 12:00:04,396 [INFO] 📥 Retrieved 0 logs (today mode)
2026-01-02 12:00:04,397 [INFO] No logs found in the specified range.
2026-01-02 15:00:04,306 [INFO] 📥 Retrieved 0 logs (today mode)
2026-01-02 15:00:04,307 [INFO] No logs found in the specified range.
2026-01-02 18:00:04,256 [INFO] 📥 Retrieved 0 logs (today mode)
2026-01-02 18:00:04,256 [INFO] No logs found in the specified range.
2026-01-03 06:00:04,435 [INFO] 📥 Retrieved 0 logs (today mode)
2026-01-03 06:00:04,436 [INFO] No logs found in the specified range.
2026-01-03 12:00:04,367 [INFO] 📥 Retrieved 0 logs (today mode)
2026-01-03 12:00:04,368 [INFO] No logs found in the specified range.
2026-01-03 15:00:04,539 [INFO] 📥 Retrieved 0 logs (today mode)
2026-01-03 15:00:04,540 [INFO] No logs found in the specified range.
2026-01-03 18:00:04,464 [INFO] 📥 Retrieved 0 logs (today mode)
2026-01-03 18:00:04,465 [INFO] No logs found in the specified range.
2026-01-05 18:00:04,503 [INFO] 📥 Retrieved 15 logs (today mode)
2026-01-05 18:00:06,118 [INFO] ✅ 15 new records inserted into /home/dietpi/ABSENSIKU/db_files/x105.db
2026-01-05 18:00:06,126 [INFO] Data exported to /home/dietpi/ABSENSIKU/export_files/x105_attendance_2026-01-05.csv
2026-01-05 18:00:06,129 [INFO] Data exported to /home/dietpi/ABSENSIKU/export_files/x105_attendance_2026-01-05.json
2026-01-05 18:00:06,299 [INFO] Updated DB record count for machine SN 'A5NS193461028' to 51612.
2026-01-06 13:02:57,121 [INFO] 📥 Retrieved 30 logs (range mode)
2026-01-06 13:02:57,168 [INFO] ✅ 15 new records inserted into /home/dietpi/ABSENSIKU/db_files/x105.db
2026-01-06 13:02:57,173 [INFO] Data exported to /home/dietpi/ABSENSIKU/export_files/x105_attendance_2026-01-05_to_2026-01-07.csv
2026-01-06 13:02:57,177 [INFO] Data exported to /home/dietpi/ABSENSIKU/export_files/x105_attendance_2026-01-05_to_2026-01-07.json
2026-01-06 13:02:57,240 [INFO] Updated DB record count for machine SN 'A5NS193461028' to 51627.
2026-01-06 13:02:57,288 [INFO] Updated DB record count for machine SN 'A5NS193461028' to 51627.
2026-01-06 15:00:04,494 [INFO] 📥 Retrieved 15 logs (today mode)
2026-01-06 15:00:04,517 [INFO] ✅ 1 new records inserted into /home/dietpi/ABSENSIKU/db_files/x105.db
2026-01-06 15:00:04,520 [INFO] Data exported to /home/dietpi/ABSENSIKU/export_files/x105_attendance_2026-01-06.csv
2026-01-06 15:00:04,524 [INFO] Data exported to /home/dietpi/ABSENSIKU/export_files/x105_attendance_2026-01-06.json
2026-01-06 15:00:04,601 [INFO] Updated DB record count for machine SN 'A5NS193461028' to 51628.
2026-01-06 18:00:04,504 [INFO] 📥 Retrieved 16 logs (today mode)
2026-01-06 18:00:04,531 [INFO] ✅ 1 new records inserted into /home/dietpi/ABSENSIKU/db_files/x105.db
2026-01-06 18:00:04,535 [INFO] Data exported to /home/dietpi/ABSENSIKU/export_files/x105_attendance_2026-01-06.csv
2026-01-06 18:00:04,538 [INFO] Data exported to /home/dietpi/ABSENSIKU/export_files/x105_attendance_2026-01-06.json
2026-01-06 18:00:04,613 [INFO] Updated DB record count for machine SN 'A5NS193461028' to 51629.
2026-01-07 06:00:04,423 [INFO] 📥 Retrieved 4 logs (today mode)
2026-01-07 06:00:04,462 [INFO] ✅ 4 new records inserted into /home/dietpi/ABSENSIKU/db_files/x105.db
2026-01-07 06:00:04,466 [INFO] Data exported to /home/dietpi/ABSENSIKU/export_files/x105_attendance_2026-01-07.csv
2026-01-07 06:00:04,468 [INFO] Data exported to /home/dietpi/ABSENSIKU/export_files/x105_attendance_2026-01-07.json
2026-01-07 06:00:04,644 [INFO] Updated DB record count for machine SN 'A5NS193461028' to 51633.
2026-01-07 12:00:04,714 [INFO] 📥 Retrieved 9 logs (today mode)
2026-01-07 12:00:04,741 [INFO] ✅ 5 new records inserted into /home/dietpi/ABSENSIKU/db_files/x105.db
2026-01-07 12:00:04,744 [INFO] Data exported to /home/dietpi/ABSENSIKU/export_files/x105_attendance_2026-01-07.csv
2026-01-07 12:00:04,747 [INFO] Data exported to /home/dietpi/ABSENSIKU/export_files/x105_attendance_2026-01-07.json
2026-01-07 12:00:04,816 [INFO] Updated DB record count for machine SN 'A5NS193461028' to 51638.
2026-01-07 15:00:04,735 [INFO] 📥 Retrieved 15 logs (today mode)
2026-01-07 15:00:04,769 [INFO] ✅ 6 new records inserted into /home/dietpi/ABSENSIKU/db_files/x105.db
2026-01-07 15:00:04,773 [INFO] Data exported to /home/dietpi/ABSENSIKU/export_files/x105_attendance_2026-01-07.csv
2026-01-07 15:00:04,776 [INFO] Data exported to /home/dietpi/ABSENSIKU/export_files/x105_attendance_2026-01-07.json
2026-01-07 15:00:04,853 [INFO] Updated DB record count for machine SN 'A5NS193461028' to 51644.
2026-01-07 18:00:04,587 [INFO] 📥 Retrieved 19 logs (today mode)
2026-01-07 18:00:04,622 [INFO] ✅ 4 new records inserted into /home/dietpi/ABSENSIKU/db_files/x105.db
2026-01-07 18:00:04,626 [INFO] Data exported to /home/dietpi/ABSENSIKU/export_files/x105_attendance_2026-01-07.csv
2026-01-07 18:00:04,630 [INFO] Data exported to /home/dietpi/ABSENSIKU/export_files/x105_attendance_2026-01-07.json
2026-01-07 18:00:04,714 [INFO] Updated DB record count for machine SN 'A5NS193461028' to 51648.
2026-01-08 06:00:04,398 [INFO] 📥 Retrieved 1 logs (today mode)
2026-01-08 06:00:04,422 [INFO] ✅ 1 new records inserted into /home/dietpi/ABSENSIKU/db_files/x105.db
2026-01-08 06:00:04,424 [INFO] Data exported to /home/dietpi/ABSENSIKU/export_files/x105_attendance_2026-01-08.csv
2026-01-08 06:00:04,426 [INFO] Data exported to /home/dietpi/ABSENSIKU/export_files/x105_attendance_2026-01-08.json
2026-01-08 06:00:04,501 [INFO] Updated DB record count for machine SN 'A5NS193461028' to 51649.
2026-01-08 12:00:04,726 [INFO] 📥 Retrieved 11 logs (today mode)
2026-01-08 12:00:04,768 [INFO] ✅ 10 new records inserted into /home/dietpi/ABSENSIKU/db_files/x105.db
2026-01-08 12:00:04,771 [INFO] Data exported to /home/dietpi/ABSENSIKU/export_files/x105_attendance_2026-01-08.csv
2026-01-08 12:00:04,774 [INFO] Data exported to /home/dietpi/ABSENSIKU/export_files/x105_attendance_2026-01-08.json
2026-01-08 12:00:04,853 [INFO] Updated DB record count for machine SN 'A5NS193461028' to 51659.
2026-01-08 15:00:04,657 [INFO] 📥 Retrieved 12 logs (today mode)
2026-01-08 15:00:04,706 [INFO] ✅ 1 new records inserted into /home/dietpi/ABSENSIKU/db_files/x105.db
2026-01-08 15:00:04,716 [INFO] Data exported to /home/dietpi/ABSENSIKU/export_files/x105_attendance_2026-01-08.csv
2026-01-08 15:00:04,719 [INFO] Data exported to /home/dietpi/ABSENSIKU/export_files/x105_attendance_2026-01-08.json
2026-01-08 15:00:04,908 [INFO] Updated DB record count for machine SN 'A5NS193461028' to 51660.
2026-01-08 18:00:04,462 [INFO] 📥 Retrieved 17 logs (today mode)
2026-01-08 18:00:04,506 [INFO] ✅ 5 new records inserted into /home/dietpi/ABSENSIKU/db_files/x105.db
2026-01-08 18:00:04,509 [INFO] Data exported to /home/dietpi/ABSENSIKU/export_files/x105_attendance_2026-01-08.csv
2026-01-08 18:00:04,511 [INFO] Data exported to /home/dietpi/ABSENSIKU/export_files/x105_attendance_2026-01-08.json
2026-01-08 18:00:04,579 [INFO] Updated DB record count for machine SN 'A5NS193461028' to 51665.
2026-01-09 06:00:04,467 [INFO] 📥 Retrieved 0 logs (today mode)
2026-01-09 06:00:04,468 [INFO] No logs found in the specified range.
2026-01-09 12:00:04,557 [INFO] 📥 Retrieved 10 logs (today mode)
2026-01-09 12:00:04,605 [INFO] ✅ 10 new records inserted into /home/dietpi/ABSENSIKU/db_files/x105.db
2026-01-09 12:00:04,609 [INFO] Data exported to /home/dietpi/ABSENSIKU/export_files/x105_attendance_2026-01-09.csv
2026-01-09 12:00:04,612 [INFO] Data exported to /home/dietpi/ABSENSIKU/export_files/x105_attendance_2026-01-09.json
2026-01-09 12:00:04,696 [INFO] Updated DB record count for machine SN 'A5NS193461028' to 51675.
2026-01-09 15:00:04,601 [INFO] 📥 Retrieved 21 logs (today mode)
2026-01-09 15:00:04,640 [INFO] ✅ 11 new records inserted into /home/dietpi/ABSENSIKU/db_files/x105.db
2026-01-09 15:00:04,644 [INFO] Data exported to /home/dietpi/ABSENSIKU/export_files/x105_attendance_2026-01-09.csv
2026-01-09 15:00:04,648 [INFO] Data exported to /home/dietpi/ABSENSIKU/export_files/x105_attendance_2026-01-09.json
2026-01-09 15:00:04,718 [INFO] Updated DB record count for machine SN 'A5NS193461028' to 51686.
2026-01-09 18:00:04,511 [INFO] 📥 Retrieved 21 logs (today mode)
2026-01-09 18:00:04,531 [INFO] ✅ 0 new records inserted into /home/dietpi/ABSENSIKU/db_files/x105.db
2026-01-09 18:00:04,533 [INFO] Data exported to /home/dietpi/ABSENSIKU/export_files/x105_attendance_2026-01-09.csv
2026-01-09 18:00:04,538 [INFO] Data exported to /home/dietpi/ABSENSIKU/export_files/x105_attendance_2026-01-09.json
2026-01-10 06:00:04,555 [INFO] 📥 Retrieved 0 logs (today mode)
2026-01-10 06:00:04,556 [INFO] No logs found in the specified range.
2026-01-10 12:00:04,636 [INFO] 📥 Retrieved 0 logs (today mode)
2026-01-10 12:00:04,636 [INFO] No logs found in the specified range.
2026-01-10 15:00:04,938 [INFO] 📥 Retrieved 0 logs (today mode)
2026-01-10 15:00:04,939 [INFO] No logs found in the specified range.
2026-01-10 18:00:04,556 [INFO] 📥 Retrieved 0 logs (today mode)
2026-01-10 18:00:04,557 [INFO] No logs found in the specified range.
2026-01-11 06:00:04,558 [INFO] 📥 Retrieved 0 logs (today mode)
2026-01-11 06:00:04,558 [INFO] No logs found in the specified range.
2026-01-11 12:00:08,605 [INFO] 📥 Retrieved 0 logs (today mode)
2026-01-11 12:00:08,605 [INFO] No logs found in the specified range.
2026-01-11 15:00:05,326 [INFO] 📥 Retrieved 0 logs (today mode)
2026-01-11 15:00:05,326 [INFO] No logs found in the specified range.
2026-01-11 18:00:04,657 [INFO] 📥 Retrieved 0 logs (today mode)
2026-01-11 18:00:04,658 [INFO] No logs found in the specified range.
2026-01-12 06:00:04,606 [INFO] 📥 Retrieved 1 logs (today mode)
2026-01-12 06:00:04,635 [INFO] ✅ 1 new records inserted into /home/dietpi/ABSENSIKU/db_files/x105.db
2026-01-12 06:00:04,637 [INFO] Data exported to /home/dietpi/ABSENSIKU/export_files/x105_attendance_2026-01-12.csv
2026-01-12 06:00:04,639 [INFO] Data exported to /home/dietpi/ABSENSIKU/export_files/x105_attendance_2026-01-12.json
2026-01-12 06:00:04,806 [INFO] Updated DB record count for machine SN 'A5NS193461028' to 51687.
2026-01-12 12:00:04,489 [INFO] 📥 Retrieved 4 logs (today mode)
2026-01-12 12:00:04,519 [INFO] ✅ 3 new records inserted into /home/dietpi/ABSENSIKU/db_files/x105.db
2026-01-12 12:00:04,522 [INFO] Data exported to /home/dietpi/ABSENSIKU/export_files/x105_attendance_2026-01-12.csv
2026-01-12 12:00:04,524 [INFO] Data exported to /home/dietpi/ABSENSIKU/export_files/x105_attendance_2026-01-12.json
2026-01-12 12:00:04,597 [INFO] Updated DB record count for machine SN 'A5NS193461028' to 51690.
2026-01-12 15:00:04,740 [INFO] 📥 Retrieved 10 logs (today mode)
2026-01-12 15:00:04,773 [INFO] ✅ 5 new records inserted into /home/dietpi/ABSENSIKU/db_files/x105.db
2026-01-12 15:00:04,775 [INFO] Data exported to /home/dietpi/ABSENSIKU/export_files/x105_attendance_2026-01-12.csv
2026-01-12 15:00:04,778 [INFO] Data exported to /home/dietpi/ABSENSIKU/export_files/x105_attendance_2026-01-12.json
2026-01-12 15:00:04,854 [INFO] Updated DB record count for machine SN 'A5NS193461028' to 51695.
2026-01-12 18:00:04,676 [INFO] 📥 Retrieved 12 logs (today mode)
2026-01-12 18:00:04,711 [INFO] ✅ 2 new records inserted into /home/dietpi/ABSENSIKU/db_files/x105.db
2026-01-12 18:00:04,714 [INFO] Data exported to /home/dietpi/ABSENSIKU/export_files/x105_attendance_2026-01-12.csv
2026-01-12 18:00:04,717 [INFO] Data exported to /home/dietpi/ABSENSIKU/export_files/x105_attendance_2026-01-12.json
2026-01-12 18:00:04,873 [INFO] Updated DB record count for machine SN 'A5NS193461028' to 51697.
2026-01-13 06:00:04,571 [INFO] 📥 Retrieved 1 logs (today mode)
2026-01-13 06:00:04,603 [INFO] ✅ 1 new records inserted into /home/dietpi/ABSENSIKU/db_files/x105.db
2026-01-13 06:00:04,605 [INFO] Data exported to /home/dietpi/ABSENSIKU/export_files/x105_attendance_2026-01-13.csv
2026-01-13 06:00:04,607 [INFO] Data exported to /home/dietpi/ABSENSIKU/export_files/x105_attendance_2026-01-13.json
2026-01-13 06:00:04,678 [INFO] Updated DB record count for machine SN 'A5NS193461028' to 51698.
2026-01-13 12:00:04,834 [INFO] 📥 Retrieved 9 logs (today mode)
2026-01-13 12:00:05,504 [INFO] ✅ 8 new records inserted into /home/dietpi/ABSENSIKU/db_files/x105.db
2026-01-13 12:00:05,508 [INFO] Data exported to /home/dietpi/ABSENSIKU/export_files/x105_attendance_2026-01-13.csv
2026-01-13 12:00:05,511 [INFO] Data exported to /home/dietpi/ABSENSIKU/export_files/x105_attendance_2026-01-13.json
2026-01-13 12:00:05,648 [INFO] Updated DB record count for machine SN 'A5NS193461028' to 51706.
2026-01-13 15:00:04,595 [INFO] 📥 Retrieved 12 logs (today mode)
2026-01-13 15:00:04,625 [INFO] ✅ 3 new records inserted into /home/dietpi/ABSENSIKU/db_files/x105.db
2026-01-13 15:00:04,629 [INFO] Data exported to /home/dietpi/ABSENSIKU/export_files/x105_attendance_2026-01-13.csv
2026-01-13 15:00:04,632 [INFO] Data exported to /home/dietpi/ABSENSIKU/export_files/x105_attendance_2026-01-13.json
2026-01-13 15:00:04,704 [INFO] Updated DB record count for machine SN 'A5NS193461028' to 51709.
2026-01-13 18:00:04,588 [INFO] 📥 Retrieved 15 logs (today mode)
2026-01-13 18:00:04,627 [INFO] ✅ 3 new records inserted into /home/dietpi/ABSENSIKU/db_files/x105.db
2026-01-13 18:00:04,631 [INFO] Data exported to /home/dietpi/ABSENSIKU/export_files/x105_attendance_2026-01-13.csv
2026-01-13 18:00:04,634 [INFO] Data exported to /home/dietpi/ABSENSIKU/export_files/x105_attendance_2026-01-13.json
2026-01-13 18:00:04,712 [INFO] Updated DB record count for machine SN 'A5NS193461028' to 51712.
2026-01-14 06:00:04,624 [INFO] 📥 Retrieved 1 logs (today mode)
2026-01-14 06:00:04,653 [INFO] ✅ 1 new records inserted into /home/dietpi/ABSENSIKU/db_files/x105.db
2026-01-14 06:00:04,656 [INFO] Data exported to /home/dietpi/ABSENSIKU/export_files/x105_attendance_2026-01-14.csv
2026-01-14 06:00:04,659 [INFO] Data exported to /home/dietpi/ABSENSIKU/export_files/x105_attendance_2026-01-14.json
2026-01-14 06:00:04,733 [INFO] Updated DB record count for machine SN 'A5NS193461028' to 51713.
2026-01-14 12:00:04,613 [INFO] 📥 Retrieved 14 logs (today mode)
2026-01-14 12:00:04,664 [INFO] ✅ 13 new records inserted into /home/dietpi/ABSENSIKU/db_files/x105.db
2026-01-14 12:00:04,667 [INFO] Data exported to /home/dietpi/ABSENSIKU/export_files/x105_attendance_2026-01-14.csv
2026-01-14 12:00:04,671 [INFO] Data exported to /home/dietpi/ABSENSIKU/export_files/x105_attendance_2026-01-14.json
2026-01-14 12:00:04,748 [INFO] Updated DB record count for machine SN 'A5NS193461028' to 51726.
2026-01-14 15:00:04,614 [INFO] 📥 Retrieved 21 logs (today mode)
2026-01-14 15:00:04,645 [INFO] ✅ 7 new records inserted into /home/dietpi/ABSENSIKU/db_files/x105.db
2026-01-14 15:00:04,649 [INFO] Data exported to /home/dietpi/ABSENSIKU/export_files/x105_attendance_2026-01-14.csv
2026-01-14 15:00:04,653 [INFO] Data exported to /home/dietpi/ABSENSIKU/export_files/x105_attendance_2026-01-14.json
2026-01-14 15:00:04,727 [INFO] Updated DB record count for machine SN 'A5NS193461028' to 51733.
2026-01-14 18:00:04,606 [INFO] 📥 Retrieved 22 logs (today mode)
2026-01-14 18:00:04,629 [INFO] ✅ 1 new records inserted into /home/dietpi/ABSENSIKU/db_files/x105.db
2026-01-14 18:00:04,632 [INFO] Data exported to /home/dietpi/ABSENSIKU/export_files/x105_attendance_2026-01-14.csv
2026-01-14 18:00:04,634 [INFO] Data exported to /home/dietpi/ABSENSIKU/export_files/x105_attendance_2026-01-14.json
2026-01-14 18:00:04,696 [INFO] Updated DB record count for machine SN 'A5NS193461028' to 51734.
2026-01-15 06:00:04,507 [INFO] 📥 Retrieved 2 logs (today mode)
2026-01-15 06:00:04,530 [INFO] ✅ 2 new records inserted into /home/dietpi/ABSENSIKU/db_files/x105.db
2026-01-15 06:00:04,531 [INFO] Data exported to /home/dietpi/ABSENSIKU/export_files/x105_attendance_2026-01-15.csv
2026-01-15 06:00:04,532 [INFO] Data exported to /home/dietpi/ABSENSIKU/export_files/x105_attendance_2026-01-15.json
2026-01-15 06:00:04,585 [INFO] Updated DB record count for machine SN 'A5NS193461028' to 51736.
2026-01-15 12:00:04,753 [INFO] 📥 Retrieved 14 logs (today mode)
2026-01-15 12:00:04,796 [INFO] ✅ 12 new records inserted into /home/dietpi/ABSENSIKU/db_files/x105.db
2026-01-15 12:00:04,799 [INFO] Data exported to /home/dietpi/ABSENSIKU/export_files/x105_attendance_2026-01-15.csv
2026-01-15 12:00:04,802 [INFO] Data exported to /home/dietpi/ABSENSIKU/export_files/x105_attendance_2026-01-15.json
2026-01-15 12:00:04,855 [INFO] Updated DB record count for machine SN 'A5NS193461028' to 51748.
2026-01-15 15:00:04,534 [INFO] 📥 Retrieved 16 logs (today mode)
2026-01-15 15:00:04,629 [INFO] ✅ 2 new records inserted into /home/dietpi/ABSENSIKU/db_files/x105.db
2026-01-15 15:00:04,633 [INFO] Data exported to /home/dietpi/ABSENSIKU/export_files/x105_attendance_2026-01-15.csv
2026-01-15 15:00:04,636 [INFO] Data exported to /home/dietpi/ABSENSIKU/export_files/x105_attendance_2026-01-15.json
2026-01-15 15:00:04,759 [INFO] Updated DB record count for machine SN 'A5NS193461028' to 51750.
2026-01-15 18:00:04,686 [INFO] 📥 Retrieved 17 logs (today mode)
2026-01-15 18:00:04,712 [INFO] ✅ 1 new records inserted into /home/dietpi/ABSENSIKU/db_files/x105.db
2026-01-15 18:00:04,714 [INFO] Data exported to /home/dietpi/ABSENSIKU/export_files/x105_attendance_2026-01-15.csv
2026-01-15 18:00:04,722 [INFO] Data exported to /home/dietpi/ABSENSIKU/export_files/x105_attendance_2026-01-15.json
2026-01-15 18:00:04,853 [INFO] Updated DB record count for machine SN 'A5NS193461028' to 51751.
2026-01-16 06:00:04,838 [INFO] 📥 Retrieved 2 logs (today mode)
2026-01-16 06:00:04,863 [INFO] ✅ 2 new records inserted into /home/dietpi/ABSENSIKU/db_files/x105.db
2026-01-16 06:00:04,866 [INFO] Data exported to /home/dietpi/ABSENSIKU/export_files/x105_attendance_2026-01-16.csv
2026-01-16 06:00:04,867 [INFO] Data exported to /home/dietpi/ABSENSIKU/export_files/x105_attendance_2026-01-16.json
2026-01-16 06:00:04,946 [INFO] Updated DB record count for machine SN 'A5NS193461028' to 51753.
2026-01-16 12:00:04,787 [INFO] 📥 Retrieved 2 logs (today mode)
2026-01-16 12:00:04,808 [INFO] ✅ 0 new records inserted into /home/dietpi/ABSENSIKU/db_files/x105.db
2026-01-16 12:00:04,811 [INFO] Data exported to /home/dietpi/ABSENSIKU/export_files/x105_attendance_2026-01-16.csv
2026-01-16 12:00:04,812 [INFO] Data exported to /home/dietpi/ABSENSIKU/export_files/x105_attendance_2026-01-16.json
2026-01-16 15:00:04,768 [INFO] 📥 Retrieved 3 logs (today mode)
2026-01-16 15:00:04,794 [INFO] ✅ 1 new records inserted into /home/dietpi/ABSENSIKU/db_files/x105.db
2026-01-16 15:00:04,797 [INFO] Data exported to /home/dietpi/ABSENSIKU/export_files/x105_attendance_2026-01-16.csv
2026-01-16 15:00:04,799 [INFO] Data exported to /home/dietpi/ABSENSIKU/export_files/x105_attendance_2026-01-16.json
2026-01-16 15:00:04,853 [INFO] Updated DB record count for machine SN 'A5NS193461028' to 51754.
2026-01-16 18:00:04,656 [INFO] 📥 Retrieved 3 logs (today mode)
2026-01-16 18:00:04,677 [INFO] ✅ 0 new records inserted into /home/dietpi/ABSENSIKU/db_files/x105.db
2026-01-16 18:00:04,679 [INFO] Data exported to /home/dietpi/ABSENSIKU/export_files/x105_attendance_2026-01-16.csv
2026-01-16 18:00:04,681 [INFO] Data exported to /home/dietpi/ABSENSIKU/export_files/x105_attendance_2026-01-16.json
2026-01-17 06:00:04,735 [INFO] 📥 Retrieved 0 logs (today mode)
2026-01-17 06:00:04,736 [INFO] No logs found in the specified range.
2026-01-17 12:00:04,791 [INFO] 📥 Retrieved 4 logs (today mode)
2026-01-17 12:00:04,828 [INFO] ✅ 4 new records inserted into /home/dietpi/ABSENSIKU/db_files/x105.db
2026-01-17 12:00:04,829 [INFO] Data exported to /home/dietpi/ABSENSIKU/export_files/x105_attendance_2026-01-17.csv
2026-01-17 12:00:04,831 [INFO] Data exported to /home/dietpi/ABSENSIKU/export_files/x105_attendance_2026-01-17.json
2026-01-17 12:00:04,902 [INFO] Updated DB record count for machine SN 'A5NS193461028' to 51758.
2026-01-17 15:00:04,668 [INFO] 📥 Retrieved 7 logs (today mode)
2026-01-17 15:00:04,694 [INFO] ✅ 3 new records inserted into /home/dietpi/ABSENSIKU/db_files/x105.db
2026-01-17 15:00:04,697 [INFO] Data exported to /home/dietpi/ABSENSIKU/export_files/x105_attendance_2026-01-17.csv
2026-01-17 15:00:04,700 [INFO] Data exported to /home/dietpi/ABSENSIKU/export_files/x105_attendance_2026-01-17.json
2026-01-17 15:00:04,771 [INFO] Updated DB record count for machine SN 'A5NS193461028' to 51761.
2026-01-17 18:00:04,698 [INFO] 📥 Retrieved 9 logs (today mode)
2026-01-17 18:00:04,721 [INFO] ✅ 2 new records inserted into /home/dietpi/ABSENSIKU/db_files/x105.db
2026-01-17 18:00:04,724 [INFO] Data exported to /home/dietpi/ABSENSIKU/export_files/x105_attendance_2026-01-17.csv
2026-01-17 18:00:04,727 [INFO] Data exported to /home/dietpi/ABSENSIKU/export_files/x105_attendance_2026-01-17.json
2026-01-17 18:00:04,799 [INFO] Updated DB record count for machine SN 'A5NS193461028' to 51763.
2026-01-18 06:00:04,709 [INFO] 📥 Retrieved 0 logs (today mode)
2026-01-18 06:00:04,709 [INFO] No logs found in the specified range.
2026-01-18 12:00:04,720 [INFO] 📥 Retrieved 1 logs (today mode)
2026-01-18 12:00:04,742 [INFO] ✅ 1 new records inserted into /home/dietpi/ABSENSIKU/db_files/x105.db
2026-01-18 12:00:04,745 [INFO] Data exported to /home/dietpi/ABSENSIKU/export_files/x105_attendance_2026-01-18.csv
2026-01-18 12:00:04,746 [INFO] Data exported to /home/dietpi/ABSENSIKU/export_files/x105_attendance_2026-01-18.json
2026-01-18 12:00:04,818 [INFO] Updated DB record count for machine SN 'A5NS193461028' to 51764.
2026-01-18 15:00:04,674 [INFO] 📥 Retrieved 3 logs (today mode)
2026-01-18 15:00:04,700 [INFO] ✅ 2 new records inserted into /home/dietpi/ABSENSIKU/db_files/x105.db
2026-01-18 15:00:04,701 [INFO] Data exported to /home/dietpi/ABSENSIKU/export_files/x105_attendance_2026-01-18.csv
2026-01-18 15:00:04,703 [INFO] Data exported to /home/dietpi/ABSENSIKU/export_files/x105_attendance_2026-01-18.json
2026-01-18 15:00:04,756 [INFO] Updated DB record count for machine SN 'A5NS193461028' to 51766.
2026-01-18 18:00:04,930 [INFO] 📥 Retrieved 3 logs (today mode)
2026-01-18 18:00:04,993 [INFO] ✅ 0 new records inserted into /home/dietpi/ABSENSIKU/db_files/x105.db
2026-01-18 18:00:04,996 [INFO] Data exported to /home/dietpi/ABSENSIKU/export_files/x105_attendance_2026-01-18.csv
2026-01-18 18:00:04,998 [INFO] Data exported to /home/dietpi/ABSENSIKU/export_files/x105_attendance_2026-01-18.json
2026-01-19 06:00:04,963 [INFO] 📥 Retrieved 1 logs (today mode)
2026-01-19 06:00:04,988 [INFO] ✅ 1 new records inserted into /home/dietpi/ABSENSIKU/db_files/x105.db
2026-01-19 06:00:04,990 [INFO] Data exported to /home/dietpi/ABSENSIKU/export_files/x105_attendance_2026-01-19.csv
2026-01-19 06:00:04,991 [INFO] Data exported to /home/dietpi/ABSENSIKU/export_files/x105_attendance_2026-01-19.json
2026-01-19 06:00:05,050 [INFO] Updated DB record count for machine SN 'A5NS193461028' to 51767.
2026-01-19 12:00:04,761 [INFO] 📥 Retrieved 9 logs (today mode)
2026-01-19 12:00:04,791 [INFO] ✅ 8 new records inserted into /home/dietpi/ABSENSIKU/db_files/x105.db
2026-01-19 12:00:04,794 [INFO] Data exported to /home/dietpi/ABSENSIKU/export_files/x105_attendance_2026-01-19.csv
2026-01-19 12:00:04,800 [INFO] Data exported to /home/dietpi/ABSENSIKU/export_files/x105_attendance_2026-01-19.json
2026-01-19 12:00:04,924 [INFO] Updated DB record count for machine SN 'A5NS193461028' to 51775.
2026-01-19 15:00:04,794 [INFO] 📥 Retrieved 17 logs (today mode)
2026-01-19 15:00:04,834 [INFO] ✅ 8 new records inserted into /home/dietpi/ABSENSIKU/db_files/x105.db
2026-01-19 15:00:04,838 [INFO] Data exported to /home/dietpi/ABSENSIKU/export_files/x105_attendance_2026-01-19.csv
2026-01-19 15:00:04,841 [INFO] Data exported to /home/dietpi/ABSENSIKU/export_files/x105_attendance_2026-01-19.json
2026-01-19 15:00:04,909 [INFO] Updated DB record count for machine SN 'A5NS193461028' to 51783.
2026-01-19 18:00:04,706 [INFO] 📥 Retrieved 18 logs (today mode)
2026-01-19 18:00:04,731 [INFO] ✅ 1 new records inserted into /home/dietpi/ABSENSIKU/db_files/x105.db
2026-01-19 18:00:04,734 [INFO] Data exported to /home/dietpi/ABSENSIKU/export_files/x105_attendance_2026-01-19.csv
2026-01-19 18:00:04,738 [INFO] Data exported to /home/dietpi/ABSENSIKU/export_files/x105_attendance_2026-01-19.json
2026-01-19 18:00:04,805 [INFO] Updated DB record count for machine SN 'A5NS193461028' to 51784.
2026-01-20 06:00:04,793 [INFO] 📥 Retrieved 2 logs (today mode)
2026-01-20 06:00:04,861 [INFO] ✅ 2 new records inserted into /home/dietpi/ABSENSIKU/db_files/x105.db
2026-01-20 06:00:04,863 [INFO] Data exported to /home/dietpi/ABSENSIKU/export_files/x105_attendance_2026-01-20.csv
2026-01-20 06:00:04,865 [INFO] Data exported to /home/dietpi/ABSENSIKU/export_files/x105_attendance_2026-01-20.json
2026-01-20 06:00:04,949 [INFO] Updated DB record count for machine SN 'A5NS193461028' to 51786.
2026-01-20 12:00:04,696 [INFO] 📥 Retrieved 16 logs (today mode)
2026-01-20 12:00:04,748 [INFO] ✅ 14 new records inserted into /home/dietpi/ABSENSIKU/db_files/x105.db
2026-01-20 12:00:04,753 [INFO] Data exported to /home/dietpi/ABSENSIKU/export_files/x105_attendance_2026-01-20.csv
2026-01-20 12:00:04,758 [INFO] Data exported to /home/dietpi/ABSENSIKU/export_files/x105_attendance_2026-01-20.json
2026-01-20 12:00:04,935 [INFO] Updated DB record count for machine SN 'A5NS193461028' to 51800.
2026-01-20 15:00:04,749 [INFO] 📥 Retrieved 20 logs (today mode)
2026-01-20 15:00:04,779 [INFO] ✅ 4 new records inserted into /home/dietpi/ABSENSIKU/db_files/x105.db
2026-01-20 15:00:04,783 [INFO] Data exported to /home/dietpi/ABSENSIKU/export_files/x105_attendance_2026-01-20.csv
2026-01-20 15:00:04,797 [INFO] Data exported to /home/dietpi/ABSENSIKU/export_files/x105_attendance_2026-01-20.json
2026-01-20 15:00:04,876 [INFO] Updated DB record count for machine SN 'A5NS193461028' to 51804.
2026-01-20 18:00:04,643 [INFO] 📥 Retrieved 22 logs (today mode)
2026-01-20 18:00:04,667 [INFO] ✅ 2 new records inserted into /home/dietpi/ABSENSIKU/db_files/x105.db
2026-01-20 18:00:04,670 [INFO] Data exported to /home/dietpi/ABSENSIKU/export_files/x105_attendance_2026-01-20.csv
2026-01-20 18:00:04,672 [INFO] Data exported to /home/dietpi/ABSENSIKU/export_files/x105_attendance_2026-01-20.json
2026-01-20 18:00:04,724 [INFO] Updated DB record count for machine SN 'A5NS193461028' to 51806.
2026-01-21 06:00:04,806 [INFO] 📥 Retrieved 3 logs (today mode)
2026-01-21 06:00:04,830 [INFO] ✅ 3 new records inserted into /home/dietpi/ABSENSIKU/db_files/x105.db
2026-01-21 06:00:04,834 [INFO] Data exported to /home/dietpi/ABSENSIKU/export_files/x105_attendance_2026-01-21.csv
2026-01-21 06:00:04,835 [INFO] Data exported to /home/dietpi/ABSENSIKU/export_files/x105_attendance_2026-01-21.json
2026-01-21 06:00:04,914 [INFO] Updated DB record count for machine SN 'A5NS193461028' to 51809.
2026-01-21 12:00:04,784 [INFO] 📥 Retrieved 34 logs (today mode)
2026-01-21 12:00:05,536 [INFO] ✅ 31 new records inserted into /home/dietpi/ABSENSIKU/db_files/x105.db
2026-01-21 12:00:05,540 [INFO] Data exported to /home/dietpi/ABSENSIKU/export_files/x105_attendance_2026-01-21.csv
2026-01-21 12:00:05,546 [INFO] Data exported to /home/dietpi/ABSENSIKU/export_files/x105_attendance_2026-01-21.json
2026-01-21 12:00:05,620 [INFO] Updated DB record count for machine SN 'A5NS193461028' to 51840.
2026-01-21 15:00:04,832 [INFO] 📥 Retrieved 39 logs (today mode)
2026-01-21 15:00:04,876 [INFO] ✅ 5 new records inserted into /home/dietpi/ABSENSIKU/db_files/x105.db
2026-01-21 15:00:04,880 [INFO] Data exported to /home/dietpi/ABSENSIKU/export_files/x105_attendance_2026-01-21.csv
2026-01-21 15:00:04,887 [INFO] Data exported to /home/dietpi/ABSENSIKU/export_files/x105_attendance_2026-01-21.json
2026-01-21 15:00:04,958 [INFO] Updated DB record count for machine SN 'A5NS193461028' to 51845.
2026-01-21 18:00:04,944 [INFO] 📥 Retrieved 45 logs (today mode)
2026-01-21 18:00:04,985 [INFO] ✅ 6 new records inserted into /home/dietpi/ABSENSIKU/db_files/x105.db
2026-01-21 18:00:04,990 [INFO] Data exported to /home/dietpi/ABSENSIKU/export_files/x105_attendance_2026-01-21.csv
2026-01-21 18:00:04,997 [INFO] Data exported to /home/dietpi/ABSENSIKU/export_files/x105_attendance_2026-01-21.json
2026-01-21 18:00:05,070 [INFO] Updated DB record count for machine SN 'A5NS193461028' to 51851.
2026-01-22 06:00:04,775 [INFO] 📥 Retrieved 2 logs (today mode)
2026-01-22 06:00:04,816 [INFO] ✅ 2 new records inserted into /home/dietpi/ABSENSIKU/db_files/x105.db
2026-01-22 06:00:04,819 [INFO] Data exported to /home/dietpi/ABSENSIKU/export_files/x105_attendance_2026-01-22.csv
2026-01-22 06:00:04,821 [INFO] Data exported to /home/dietpi/ABSENSIKU/export_files/x105_attendance_2026-01-22.json
2026-01-22 06:00:04,907 [INFO] Updated DB record count for machine SN 'A5NS193461028' to 51853.
2026-01-22 12:00:04,906 [INFO] 📥 Retrieved 6 logs (today mode)
2026-01-22 12:00:04,952 [INFO] ✅ 4 new records inserted into /home/dietpi/ABSENSIKU/db_files/x105.db
2026-01-22 12:00:04,955 [INFO] Data exported to /home/dietpi/ABSENSIKU/export_files/x105_attendance_2026-01-22.csv
2026-01-22 12:00:04,958 [INFO] Data exported to /home/dietpi/ABSENSIKU/export_files/x105_attendance_2026-01-22.json
2026-01-22 12:00:05,035 [INFO] Updated DB record count for machine SN 'A5NS193461028' to 51857.
2026-01-22 15:00:05,011 [INFO] 📥 Retrieved 10 logs (today mode)
2026-01-22 15:00:05,039 [INFO] ✅ 4 new records inserted into /home/dietpi/ABSENSIKU/db_files/x105.db
2026-01-22 15:00:05,042 [INFO] Data exported to /home/dietpi/ABSENSIKU/export_files/x105_attendance_2026-01-22.csv
2026-01-22 15:00:05,045 [INFO] Data exported to /home/dietpi/ABSENSIKU/export_files/x105_attendance_2026-01-22.json
2026-01-22 15:00:05,117 [INFO] Updated DB record count for machine SN 'A5NS193461028' to 51861.
2026-01-22 18:00:04,805 [INFO] 📥 Retrieved 13 logs (today mode)
2026-01-22 18:00:04,839 [INFO] ✅ 3 new records inserted into /home/dietpi/ABSENSIKU/db_files/x105.db
2026-01-22 18:00:04,842 [INFO] Data exported to /home/dietpi/ABSENSIKU/export_files/x105_attendance_2026-01-22.csv
2026-01-22 18:00:04,846 [INFO] Data exported to /home/dietpi/ABSENSIKU/export_files/x105_attendance_2026-01-22.json
2026-01-22 18:00:04,916 [INFO] Updated DB record count for machine SN 'A5NS193461028' to 51864.
2026-01-23 06:00:04,845 [INFO] 📥 Retrieved 2 logs (today mode)
2026-01-23 06:00:04,874 [INFO] ✅ 2 new records inserted into /home/dietpi/ABSENSIKU/db_files/x105.db
2026-01-23 06:00:04,877 [INFO] Data exported to /home/dietpi/ABSENSIKU/export_files/x105_attendance_2026-01-23.csv
2026-01-23 06:00:04,878 [INFO] Data exported to /home/dietpi/ABSENSIKU/export_files/x105_attendance_2026-01-23.json
2026-01-23 06:00:04,948 [INFO] Updated DB record count for machine SN 'A5NS193461028' to 51866.
2026-01-23 12:00:04,922 [INFO] 📥 Retrieved 7 logs (today mode)
2026-01-23 12:00:04,968 [INFO] ✅ 5 new records inserted into /home/dietpi/ABSENSIKU/db_files/x105.db
2026-01-23 12:00:04,971 [INFO] Data exported to /home/dietpi/ABSENSIKU/export_files/x105_attendance_2026-01-23.csv
2026-01-23 12:00:04,973 [INFO] Data exported to /home/dietpi/ABSENSIKU/export_files/x105_attendance_2026-01-23.json
2026-01-23 12:00:05,056 [INFO] Updated DB record count for machine SN 'A5NS193461028' to 51871.
2026-01-23 15:00:24,928 [INFO] 📥 Retrieved 11 logs (today mode)
2026-01-23 15:00:24,966 [INFO] ✅ 4 new records inserted into /home/dietpi/ABSENSIKU/db_files/x105.db
2026-01-23 15:00:24,969 [INFO] Data exported to /home/dietpi/ABSENSIKU/export_files/x105_attendance_2026-01-23.csv
2026-01-23 15:00:24,972 [INFO] Data exported to /home/dietpi/ABSENSIKU/export_files/x105_attendance_2026-01-23.json
2026-01-23 15:00:25,047 [INFO] Updated DB record count for machine SN 'A5NS193461028' to 51875.
2026-01-23 18:00:04,918 [INFO] 📥 Retrieved 11 logs (today mode)
2026-01-23 18:00:04,940 [INFO] ✅ 0 new records inserted into /home/dietpi/ABSENSIKU/db_files/x105.db
2026-01-23 18:00:04,943 [INFO] Data exported to /home/dietpi/ABSENSIKU/export_files/x105_attendance_2026-01-23.csv
2026-01-23 18:00:04,952 [INFO] Data exported to /home/dietpi/ABSENSIKU/export_files/x105_attendance_2026-01-23.json
2026-01-24 06:00:04,889 [INFO] 📥 Retrieved 0 logs (today mode)
2026-01-24 06:00:04,890 [INFO] No logs found in the specified range.
2026-01-24 12:00:04,796 [INFO] 📥 Retrieved 3 logs (today mode)
2026-01-24 12:00:04,825 [INFO] ✅ 3 new records inserted into /home/dietpi/ABSENSIKU/db_files/x105.db
2026-01-24 12:00:04,827 [INFO] Data exported to /home/dietpi/ABSENSIKU/export_files/x105_attendance_2026-01-24.csv
2026-01-24 12:00:04,829 [INFO] Data exported to /home/dietpi/ABSENSIKU/export_files/x105_attendance_2026-01-24.json
2026-01-24 12:00:04,881 [INFO] Updated DB record count for machine SN 'A5NS193461028' to 51878.
2026-01-24 15:00:05,093 [INFO] 📥 Retrieved 3 logs (today mode)
2026-01-24 15:00:05,111 [INFO] ✅ 0 new records inserted into /home/dietpi/ABSENSIKU/db_files/x105.db
2026-01-24 15:00:05,113 [INFO] Data exported to /home/dietpi/ABSENSIKU/export_files/x105_attendance_2026-01-24.csv
2026-01-24 15:00:05,115 [INFO] Data exported to /home/dietpi/ABSENSIKU/export_files/x105_attendance_2026-01-24.json
2026-01-24 18:00:04,778 [INFO] 📥 Retrieved 6 logs (today mode)
2026-01-24 18:00:04,800 [INFO] ✅ 3 new records inserted into /home/dietpi/ABSENSIKU/db_files/x105.db
2026-01-24 18:00:04,803 [INFO] Data exported to /home/dietpi/ABSENSIKU/export_files/x105_attendance_2026-01-24.csv
2026-01-24 18:00:04,805 [INFO] Data exported to /home/dietpi/ABSENSIKU/export_files/x105_attendance_2026-01-24.json
2026-01-24 18:00:04,866 [INFO] Updated DB record count for machine SN 'A5NS193461028' to 51881.
2026-01-25 06:00:04,886 [INFO] 📥 Retrieved 0 logs (today mode)
2026-01-25 06:00:04,886 [INFO] No logs found in the specified range.
2026-01-25 12:00:04,906 [INFO] 📥 Retrieved 1 logs (today mode)
2026-01-25 12:00:04,929 [INFO] ✅ 1 new records inserted into /home/dietpi/ABSENSIKU/db_files/x105.db
2026-01-25 12:00:04,932 [INFO] Data exported to /home/dietpi/ABSENSIKU/export_files/x105_attendance_2026-01-25.csv
2026-01-25 12:00:04,934 [INFO] Data exported to /home/dietpi/ABSENSIKU/export_files/x105_attendance_2026-01-25.json
2026-01-25 12:00:05,012 [INFO] Updated DB record count for machine SN 'A5NS193461028' to 51882.
2026-01-25 15:00:04,938 [INFO] 📥 Retrieved 1 logs (today mode)
2026-01-25 15:00:04,956 [INFO] ✅ 0 new records inserted into /home/dietpi/ABSENSIKU/db_files/x105.db
2026-01-25 15:00:04,958 [INFO] Data exported to /home/dietpi/ABSENSIKU/export_files/x105_attendance_2026-01-25.csv
2026-01-25 15:00:04,959 [INFO] Data exported to /home/dietpi/ABSENSIKU/export_files/x105_attendance_2026-01-25.json
2026-01-25 18:00:04,954 [INFO] 📥 Retrieved 2 logs (today mode)
2026-01-25 18:00:05,017 [INFO] ✅ 1 new records inserted into /home/dietpi/ABSENSIKU/db_files/x105.db
2026-01-25 18:00:05,020 [INFO] Data exported to /home/dietpi/ABSENSIKU/export_files/x105_attendance_2026-01-25.csv
2026-01-25 18:00:05,022 [INFO] Data exported to /home/dietpi/ABSENSIKU/export_files/x105_attendance_2026-01-25.json
2026-01-25 18:00:05,112 [INFO] Updated DB record count for machine SN 'A5NS193461028' to 51883.
2026-01-26 06:00:04,914 [INFO] 📥 Retrieved 1 logs (today mode)
2026-01-26 06:00:04,939 [INFO] ✅ 1 new records inserted into /home/dietpi/ABSENSIKU/db_files/x105.db
2026-01-26 06:00:04,941 [INFO] Data exported to /home/dietpi/ABSENSIKU/export_files/x105_attendance_2026-01-26.csv
2026-01-26 06:00:04,943 [INFO] Data exported to /home/dietpi/ABSENSIKU/export_files/x105_attendance_2026-01-26.json
2026-01-26 06:00:05,030 [INFO] Updated DB record count for machine SN 'A5NS193461028' to 51884.
2026-01-26 12:00:04,955 [INFO] 📥 Retrieved 5 logs (today mode)
2026-01-26 12:00:05,038 [INFO] ✅ 4 new records inserted into /home/dietpi/ABSENSIKU/db_files/x105.db
2026-01-26 12:00:05,041 [INFO] Data exported to /home/dietpi/ABSENSIKU/export_files/x105_attendance_2026-01-26.csv
2026-01-26 12:00:05,044 [INFO] Data exported to /home/dietpi/ABSENSIKU/export_files/x105_attendance_2026-01-26.json
2026-01-26 12:00:05,135 [INFO] Updated DB record count for machine SN 'A5NS193461028' to 51888.
2026-01-26 15:00:04,957 [INFO] 📥 Retrieved 12 logs (today mode)
2026-01-26 15:00:04,999 [INFO] ✅ 7 new records inserted into /home/dietpi/ABSENSIKU/db_files/x105.db
2026-01-26 15:00:05,003 [INFO] Data exported to /home/dietpi/ABSENSIKU/export_files/x105_attendance_2026-01-26.csv
2026-01-26 15:00:05,006 [INFO] Data exported to /home/dietpi/ABSENSIKU/export_files/x105_attendance_2026-01-26.json
2026-01-26 15:00:05,076 [INFO] Updated DB record count for machine SN 'A5NS193461028' to 51895.
2026-01-26 18:00:05,041 [INFO] 📥 Retrieved 18 logs (today mode)
2026-01-26 18:00:05,083 [INFO] ✅ 6 new records inserted into /home/dietpi/ABSENSIKU/db_files/x105.db
2026-01-26 18:00:05,086 [INFO] Data exported to /home/dietpi/ABSENSIKU/export_files/x105_attendance_2026-01-26.csv
2026-01-26 18:00:05,091 [INFO] Data exported to /home/dietpi/ABSENSIKU/export_files/x105_attendance_2026-01-26.json
2026-01-26 18:00:05,267 [INFO] Updated DB record count for machine SN 'A5NS193461028' to 51901.
2026-01-27 06:00:05,040 [INFO] 📥 Retrieved 2 logs (today mode)
2026-01-27 06:00:05,084 [INFO] ✅ 2 new records inserted into /home/dietpi/ABSENSIKU/db_files/x105.db
2026-01-27 06:00:05,086 [INFO] Data exported to /home/dietpi/ABSENSIKU/export_files/x105_attendance_2026-01-27.csv
2026-01-27 06:00:05,089 [INFO] Data exported to /home/dietpi/ABSENSIKU/export_files/x105_attendance_2026-01-27.json
2026-01-27 06:00:05,176 [INFO] Updated DB record count for machine SN 'A5NS193461028' to 51903.
2026-01-27 12:00:05,297 [INFO] 📥 Retrieved 10 logs (today mode)
2026-01-27 12:00:06,199 [INFO] ✅ 8 new records inserted into /home/dietpi/ABSENSIKU/db_files/x105.db
2026-01-27 12:00:06,204 [INFO] Data exported to /home/dietpi/ABSENSIKU/export_files/x105_attendance_2026-01-27.csv
2026-01-27 12:00:06,207 [INFO] Data exported to /home/dietpi/ABSENSIKU/export_files/x105_attendance_2026-01-27.json
2026-01-27 12:00:06,292 [INFO] Updated DB record count for machine SN 'A5NS193461028' to 51911.
2026-01-27 15:00:05,196 [INFO] 📥 Retrieved 15 logs (today mode)
2026-01-27 15:00:05,244 [INFO] ✅ 5 new records inserted into /home/dietpi/ABSENSIKU/db_files/x105.db
2026-01-27 15:00:05,247 [INFO] Data exported to /home/dietpi/ABSENSIKU/export_files/x105_attendance_2026-01-27.csv
2026-01-27 15:00:05,790 [INFO] Data exported to /home/dietpi/ABSENSIKU/export_files/x105_attendance_2026-01-27.json
2026-01-27 15:00:05,898 [INFO] Updated DB record count for machine SN 'A5NS193461028' to 51916.
2026-01-27 18:00:06,621 [INFO] 📥 Retrieved 16 logs (today mode)
2026-01-27 18:00:06,647 [INFO] ✅ 1 new records inserted into /home/dietpi/ABSENSIKU/db_files/x105.db
2026-01-27 18:00:06,650 [INFO] Data exported to /home/dietpi/ABSENSIKU/export_files/x105_attendance_2026-01-27.csv
2026-01-27 18:00:06,654 [INFO] Data exported to /home/dietpi/ABSENSIKU/export_files/x105_attendance_2026-01-27.json
2026-01-27 18:00:06,728 [INFO] Updated DB record count for machine SN 'A5NS193461028' to 51917.
2026-01-28 06:00:05,122 [INFO] 📥 Retrieved 2 logs (today mode)
2026-01-28 06:00:05,154 [INFO] ✅ 2 new records inserted into /home/dietpi/ABSENSIKU/db_files/x105.db
2026-01-28 06:00:05,156 [INFO] Data exported to /home/dietpi/ABSENSIKU/export_files/x105_attendance_2026-01-28.csv
2026-01-28 06:00:05,158 [INFO] Data exported to /home/dietpi/ABSENSIKU/export_files/x105_attendance_2026-01-28.json
2026-01-28 06:00:05,229 [INFO] Updated DB record count for machine SN 'A5NS193461028' to 51919.
2026-01-28 12:00:06,434 [INFO] 📥 Retrieved 16 logs (today mode)
2026-01-28 12:00:06,490 [INFO] ✅ 14 new records inserted into /home/dietpi/ABSENSIKU/db_files/x105.db
2026-01-28 12:00:06,496 [INFO] Data exported to /home/dietpi/ABSENSIKU/export_files/x105_attendance_2026-01-28.csv
2026-01-28 12:00:06,500 [INFO] Data exported to /home/dietpi/ABSENSIKU/export_files/x105_attendance_2026-01-28.json
2026-01-28 12:00:06,681 [INFO] Updated DB record count for machine SN 'A5NS193461028' to 51933.
2026-01-28 18:00:05,349 [INFO] 📥 Retrieved 25 logs (today mode)
2026-01-28 18:00:05,397 [INFO] ✅ 9 new records inserted into /home/dietpi/ABSENSIKU/db_files/x105.db
2026-01-28 18:00:05,401 [INFO] Data exported to /home/dietpi/ABSENSIKU/export_files/x105_attendance_2026-01-28.csv
2026-01-28 18:00:05,405 [INFO] Data exported to /home/dietpi/ABSENSIKU/export_files/x105_attendance_2026-01-28.json
2026-01-28 18:00:05,590 [INFO] Updated DB record count for machine SN 'A5NS193461028' to 51942.
2026-01-29 06:00:05,103 [INFO] 📥 Retrieved 1 logs (today mode)
2026-01-29 06:00:05,128 [INFO] ✅ 1 new records inserted into /home/dietpi/ABSENSIKU/db_files/x105.db
2026-01-29 06:00:05,131 [INFO] Data exported to /home/dietpi/ABSENSIKU/export_files/x105_attendance_2026-01-29.csv
2026-01-29 06:00:05,133 [INFO] Data exported to /home/dietpi/ABSENSIKU/export_files/x105_attendance_2026-01-29.json
2026-01-29 06:00:05,221 [INFO] Updated DB record count for machine SN 'A5NS193461028' to 51943.
2026-01-29 12:00:05,391 [INFO] 📥 Retrieved 10 logs (today mode)
2026-01-29 12:00:05,445 [INFO] ✅ 9 new records inserted into /home/dietpi/ABSENSIKU/db_files/x105.db
2026-01-29 12:00:05,447 [INFO] Data exported to /home/dietpi/ABSENSIKU/export_files/x105_attendance_2026-01-29.csv
2026-01-29 12:00:05,449 [INFO] Data exported to /home/dietpi/ABSENSIKU/export_files/x105_attendance_2026-01-29.json
2026-01-29 12:00:05,501 [INFO] Updated DB record count for machine SN 'A5NS193461028' to 51952.
2026-01-29 15:00:10,930 [INFO] 📥 Retrieved 23 logs (today mode)
2026-01-29 15:00:10,985 [INFO] ✅ 13 new records inserted into /home/dietpi/ABSENSIKU/db_files/x105.db
2026-01-29 15:00:10,988 [INFO] Data exported to /home/dietpi/ABSENSIKU/export_files/x105_attendance_2026-01-29.csv
2026-01-29 15:00:10,993 [INFO] Data exported to /home/dietpi/ABSENSIKU/export_files/x105_attendance_2026-01-29.json
2026-01-29 15:00:11,074 [INFO] Updated DB record count for machine SN 'A5NS193461028' to 51965.
2026-01-29 18:00:05,361 [INFO] 📥 Retrieved 26 logs (today mode)
2026-01-29 18:00:05,427 [INFO] ✅ 3 new records inserted into /home/dietpi/ABSENSIKU/db_files/x105.db
2026-01-29 18:00:05,433 [INFO] Data exported to /home/dietpi/ABSENSIKU/export_files/x105_attendance_2026-01-29.csv
2026-01-29 18:00:05,438 [INFO] Data exported to /home/dietpi/ABSENSIKU/export_files/x105_attendance_2026-01-29.json
2026-01-29 18:00:05,623 [INFO] Updated DB record count for machine SN 'A5NS193461028' to 51968.
2026-01-30 12:00:03,089 [ERROR] No logs: can't reach device (ping 192.168.1.33)
2026-01-30 15:06:51,158 [INFO] 📥 Retrieved 8 logs (today mode)
2026-01-30 15:06:51,178 [INFO] ✅ 8 new records inserted into /home/socuser/ABSENSIKU/db_files/x105.db
2026-01-30 15:06:51,179 [INFO] Data exported to /home/socuser/ABSENSIKU/export_files/x105_attendance_2026-01-30.csv
2026-01-30 15:06:51,179 [INFO] Data exported to /home/socuser/ABSENSIKU/export_files/x105_attendance_2026-01-30.json
2026-01-30 15:06:51,190 [INFO] Updated DB record count for machine SN 'A5NS193461028' to 51976.
2026-01-30 18:07:01,330 [INFO] 📥 Retrieved 17 logs (today mode)
2026-01-30 18:07:01,348 [INFO] ✅ 9 new records inserted into /home/socuser/ABSENSIKU/db_files/x105.db
2026-01-30 18:07:01,348 [INFO] Data exported to /home/socuser/ABSENSIKU/export_files/x105_attendance_2026-01-30.csv
2026-01-30 18:07:01,348 [INFO] Data exported to /home/socuser/ABSENSIKU/export_files/x105_attendance_2026-01-30.json
2026-01-30 18:07:01,361 [INFO] Updated DB record count for machine SN 'A5NS193461028' to 51985.
2026-01-31 06:07:20,986 [INFO] 📥 Retrieved 3 logs (today mode)
2026-01-31 06:07:21,006 [INFO] ✅ 3 new records inserted into /home/socuser/ABSENSIKU/db_files/x105.db
2026-01-31 06:07:21,006 [INFO] Data exported to /home/socuser/ABSENSIKU/export_files/x105_attendance_2026-01-31.csv
2026-01-31 06:07:21,007 [INFO] Data exported to /home/socuser/ABSENSIKU/export_files/x105_attendance_2026-01-31.json
2026-01-31 06:07:21,018 [INFO] Updated DB record count for machine SN 'A5NS193461028' to 51988.
2026-01-31 12:00:05,023 [ERROR] No logs: can't reach device (ping 192.168.1.33)
2026-01-31 15:00:03,089 [ERROR] No logs: can't reach device (ping 192.168.1.33)
2026-01-31 18:00:03,089 [ERROR] No logs: can't reach device (ping 192.168.1.33)
2026-02-01 06:00:03,089 [ERROR] No logs: can't reach device (ping 192.168.1.33)
2026-02-01 12:07:27,926 [INFO] 📥 Retrieved 0 logs (today mode)
2026-02-01 12:07:27,926 [INFO] No logs found in the specified range.
2026-02-01 15:07:14,123 [INFO] 📥 Retrieved 0 logs (today mode)
2026-02-01 15:07:14,123 [INFO] No logs found in the specified range.
2026-02-01 18:06:27,281 [INFO] 📥 Retrieved 2 logs (today mode)
2026-02-01 18:06:27,301 [INFO] ✅ 2 new records inserted into /home/socuser/ABSENSIKU/db_files/x105.db
2026-02-01 18:06:27,301 [INFO] Data exported to /home/socuser/ABSENSIKU/export_files/x105_attendance_2026-02-01.csv
2026-02-01 18:06:27,302 [INFO] Data exported to /home/socuser/ABSENSIKU/export_files/x105_attendance_2026-02-01.json
2026-02-01 18:06:27,316 [INFO] Updated DB record count for machine SN 'A5NS193461028' to 51990.
2026-02-02 06:07:15,553 [INFO] 📥 Retrieved 1 logs (today mode)
2026-02-02 06:07:15,573 [INFO] ✅ 1 new records inserted into /home/socuser/ABSENSIKU/db_files/x105.db
2026-02-02 06:07:15,573 [INFO] Data exported to /home/socuser/ABSENSIKU/export_files/x105_attendance_2026-02-02.csv
2026-02-02 06:07:15,574 [INFO] Data exported to /home/socuser/ABSENSIKU/export_files/x105_attendance_2026-02-02.json
2026-02-02 06:07:15,586 [INFO] Updated DB record count for machine SN 'A5NS193461028' to 51991.
2026-02-02 12:11:12,956 [INFO] 📥 Retrieved 18 logs (today mode)
2026-02-02 12:11:12,976 [INFO] ✅ 16 new records inserted into /home/socuser/ABSENSIKU/db_files/x105.db
2026-02-02 12:11:12,977 [INFO] Data exported to /home/socuser/ABSENSIKU/export_files/x105_attendance_2026-02-02.csv
2026-02-02 12:11:12,978 [INFO] Data exported to /home/socuser/ABSENSIKU/export_files/x105_attendance_2026-02-02.json
2026-02-02 12:11:12,989 [INFO] Updated DB record count for machine SN 'A5NS193461028' to 52007.
2026-02-02 15:00:05,010 [ERROR] No logs: can't reach device (ping 192.168.1.33)
2026-02-02 18:02:43,120 [ERROR] No logs: Exception while reading logs: timed out
2026-02-03 06:06:24,025 [ERROR] No logs: Exception while reading logs: timed out
2026-02-03 12:08:32,510 [ERROR] No logs: Exception while reading logs: timed out
2026-02-03 15:09:18,100 [ERROR] No logs: Exception while reading logs: timed out
2026-02-03 18:10:14,302 [ERROR] No logs: Exception while reading logs: timed out
2026-02-04 06:10:37,532 [INFO] 📥 Retrieved 1 logs (today mode)
2026-02-04 06:10:37,552 [INFO] ✅ 1 new records inserted into /home/socuser/ABSENSIKU/db_files/x105.db
2026-02-04 06:10:37,552 [INFO] Data exported to /home/socuser/ABSENSIKU/export_files/x105_attendance_2026-02-04.csv
2026-02-04 06:10:37,552 [INFO] Data exported to /home/socuser/ABSENSIKU/export_files/x105_attendance_2026-02-04.json
2026-02-04 06:10:37,564 [INFO] Updated DB record count for machine SN 'A5NS193461028' to 52008.
2026-02-04 12:10:54,613 [INFO] 📥 Retrieved 23 logs (today mode)
2026-02-04 12:10:54,638 [INFO] ✅ 22 new records inserted into /home/socuser/ABSENSIKU/db_files/x105.db
2026-02-04 12:10:54,639 [INFO] Data exported to /home/socuser/ABSENSIKU/export_files/x105_attendance_2026-02-04.csv
2026-02-04 12:10:54,639 [INFO] Data exported to /home/socuser/ABSENSIKU/export_files/x105_attendance_2026-02-04.json
2026-02-04 12:10:54,653 [INFO] Updated DB record count for machine SN 'A5NS193461028' to 52030.
2026-02-04 15:00:05,029 [ERROR] No logs: can't reach device (ping 192.168.1.33)
2026-02-04 18:08:02,347 [INFO] 📥 Retrieved 26 logs (today mode)
2026-02-04 18:08:02,368 [INFO] ✅ 3 new records inserted into /home/socuser/ABSENSIKU/db_files/x105.db
2026-02-04 18:08:02,369 [INFO] Data exported to /home/socuser/ABSENSIKU/export_files/x105_attendance_2026-02-04.csv
2026-02-04 18:08:02,369 [INFO] Data exported to /home/socuser/ABSENSIKU/export_files/x105_attendance_2026-02-04.json
2026-02-04 18:08:02,380 [INFO] Updated DB record count for machine SN 'A5NS193461028' to 52033.
2026-02-05 06:07:26,226 [INFO] 📥 Retrieved 1 logs (today mode)
2026-02-05 06:07:26,247 [INFO] ✅ 1 new records inserted into /home/socuser/ABSENSIKU/db_files/x105.db
2026-02-05 06:07:26,248 [INFO] Data exported to /home/socuser/ABSENSIKU/export_files/x105_attendance_2026-02-05.csv
2026-02-05 06:07:26,248 [INFO] Data exported to /home/socuser/ABSENSIKU/export_files/x105_attendance_2026-02-05.json
2026-02-05 06:07:26,262 [INFO] Updated DB record count for machine SN 'A5NS193461028' to 52034.
2026-02-05 12:07:19,129 [INFO] 📥 Retrieved 23 logs (today mode)
2026-02-05 12:07:19,156 [INFO] ✅ 21 new records inserted into /home/socuser/ABSENSIKU/db_files/x105.db
2026-02-05 12:07:19,157 [INFO] Data exported to /home/socuser/ABSENSIKU/export_files/x105_attendance_2026-02-05.csv
2026-02-05 12:07:19,157 [INFO] Data exported to /home/socuser/ABSENSIKU/export_files/x105_attendance_2026-02-05.json
2026-02-05 12:07:19,168 [INFO] Updated DB record count for machine SN 'A5NS193461028' to 52055.
2026-02-05 15:08:07,089 [INFO] 📥 Retrieved 34 logs (today mode)
2026-02-05 15:08:07,101 [INFO] ✅ 11 new records inserted into /home/socuser/ABSENSIKU/db_files/x105.db
2026-02-05 15:08:07,102 [INFO] Data exported to /home/socuser/ABSENSIKU/export_files/x105_attendance_2026-02-05.csv
2026-02-05 15:08:07,103 [INFO] Data exported to /home/socuser/ABSENSIKU/export_files/x105_attendance_2026-02-05.json
2026-02-05 15:08:07,115 [INFO] Updated DB record count for machine SN 'A5NS193461028' to 52066.
2026-02-05 18:07:32,179 [INFO] 📥 Retrieved 36 logs (today mode)
2026-02-05 18:07:32,200 [INFO] ✅ 2 new records inserted into /home/socuser/ABSENSIKU/db_files/x105.db
2026-02-05 18:07:32,201 [INFO] Data exported to /home/socuser/ABSENSIKU/export_files/x105_attendance_2026-02-05.csv
2026-02-05 18:07:32,202 [INFO] Data exported to /home/socuser/ABSENSIKU/export_files/x105_attendance_2026-02-05.json
2026-02-05 18:07:32,213 [INFO] Updated DB record count for machine SN 'A5NS193461028' to 52068.
2026-02-06 06:06:11,884 [INFO] 📥 Retrieved 1 logs (today mode)
2026-02-06 06:06:11,894 [INFO] ✅ 1 new records inserted into /home/socuser/ABSENSIKU/db_files/x105.db
2026-02-06 06:06:11,895 [INFO] Data exported to /home/socuser/ABSENSIKU/export_files/x105_attendance_2026-02-06.csv
2026-02-06 06:06:11,895 [INFO] Data exported to /home/socuser/ABSENSIKU/export_files/x105_attendance_2026-02-06.json
2026-02-06 06:06:11,905 [INFO] Updated DB record count for machine SN 'A5NS193461028' to 52069.
2026-02-06 12:01:55,057 [ERROR] No logs: Exception while reading logs: timed out
2026-02-06 15:07:37,874 [INFO] 📥 Retrieved 8 logs (today mode)
2026-02-06 15:07:37,893 [INFO] ✅ 7 new records inserted into /home/socuser/ABSENSIKU/db_files/x105.db
2026-02-06 15:07:37,894 [INFO] Data exported to /home/socuser/ABSENSIKU/export_files/x105_attendance_2026-02-06.csv
2026-02-06 15:07:37,894 [INFO] Data exported to /home/socuser/ABSENSIKU/export_files/x105_attendance_2026-02-06.json
2026-02-06 15:07:37,907 [INFO] Updated DB record count for machine SN 'A5NS193461028' to 52076.
2026-02-06 18:07:31,766 [INFO] 📥 Retrieved 12 logs (today mode)
2026-02-06 18:07:31,789 [INFO] ✅ 4 new records inserted into /home/socuser/ABSENSIKU/db_files/x105.db
2026-02-06 18:07:31,790 [INFO] Data exported to /home/socuser/ABSENSIKU/export_files/x105_attendance_2026-02-06.csv
2026-02-06 18:07:31,791 [INFO] Data exported to /home/socuser/ABSENSIKU/export_files/x105_attendance_2026-02-06.json
2026-02-06 18:07:31,801 [INFO] Updated DB record count for machine SN 'A5NS193461028' to 52080.
2026-02-07 06:08:19,033 [INFO] 📥 Retrieved 0 logs (today mode)
2026-02-07 06:08:19,033 [INFO] No logs found in the specified range.
2026-02-07 12:07:23,288 [INFO] 📥 Retrieved 2 logs (today mode)
2026-02-07 12:07:23,334 [INFO] ✅ 2 new records inserted into /home/socuser/ABSENSIKU/db_files/x105.db
2026-02-07 12:07:23,334 [INFO] Data exported to /home/socuser/ABSENSIKU/export_files/x105_attendance_2026-02-07.csv
2026-02-07 12:07:23,335 [INFO] Data exported to /home/socuser/ABSENSIKU/export_files/x105_attendance_2026-02-07.json
2026-02-07 12:07:23,348 [INFO] Updated DB record count for machine SN 'A5NS193461028' to 52082.
2026-02-07 15:07:12,890 [INFO] 📥 Retrieved 3 logs (today mode)
2026-02-07 15:07:12,900 [INFO] ✅ 1 new records inserted into /home/socuser/ABSENSIKU/db_files/x105.db
2026-02-07 15:07:12,901 [INFO] Data exported to /home/socuser/ABSENSIKU/export_files/x105_attendance_2026-02-07.csv
2026-02-07 15:07:12,901 [INFO] Data exported to /home/socuser/ABSENSIKU/export_files/x105_attendance_2026-02-07.json
2026-02-07 15:07:12,913 [INFO] Updated DB record count for machine SN 'A5NS193461028' to 52083.
2026-02-07 18:07:49,367 [INFO] 📥 Retrieved 4 logs (today mode)
2026-02-07 18:07:49,387 [INFO] ✅ 1 new records inserted into /home/socuser/ABSENSIKU/db_files/x105.db
2026-02-07 18:07:49,387 [INFO] Data exported to /home/socuser/ABSENSIKU/export_files/x105_attendance_2026-02-07.csv
2026-02-07 18:07:49,388 [INFO] Data exported to /home/socuser/ABSENSIKU/export_files/x105_attendance_2026-02-07.json
2026-02-07 18:07:49,398 [INFO] Updated DB record count for machine SN 'A5NS193461028' to 52084.
2026-02-08 06:06:43,473 [INFO] 📥 Retrieved 1 logs (today mode)
2026-02-08 06:06:43,518 [INFO] ✅ 1 new records inserted into /home/socuser/ABSENSIKU/db_files/x105.db
2026-02-08 06:06:43,518 [INFO] Data exported to /home/socuser/ABSENSIKU/export_files/x105_attendance_2026-02-08.csv
2026-02-08 06:06:43,518 [INFO] Data exported to /home/socuser/ABSENSIKU/export_files/x105_attendance_2026-02-08.json
2026-02-08 06:06:43,526 [INFO] Updated DB record count for machine SN 'A5NS193461028' to 52085.
2026-02-08 12:07:10,483 [INFO] 📥 Retrieved 3 logs (today mode)
2026-02-08 12:07:10,504 [INFO] ✅ 2 new records inserted into /home/socuser/ABSENSIKU/db_files/x105.db
2026-02-08 12:07:10,504 [INFO] Data exported to /home/socuser/ABSENSIKU/export_files/x105_attendance_2026-02-08.csv
2026-02-08 12:07:10,505 [INFO] Data exported to /home/socuser/ABSENSIKU/export_files/x105_attendance_2026-02-08.json
2026-02-08 12:07:10,519 [INFO] Updated DB record count for machine SN 'A5NS193461028' to 52087.
2026-02-08 15:06:29,819 [INFO] 📥 Retrieved 3 logs (today mode)
2026-02-08 15:06:29,839 [INFO] ✅ 0 new records inserted into /home/socuser/ABSENSIKU/db_files/x105.db
2026-02-08 15:06:29,839 [INFO] Data exported to /home/socuser/ABSENSIKU/export_files/x105_attendance_2026-02-08.csv
2026-02-08 15:06:29,840 [INFO] Data exported to /home/socuser/ABSENSIKU/export_files/x105_attendance_2026-02-08.json
2026-02-08 18:06:46,401 [INFO] 📥 Retrieved 3 logs (today mode)
2026-02-08 18:06:46,419 [INFO] ✅ 0 new records inserted into /home/socuser/ABSENSIKU/db_files/x105.db
2026-02-08 18:06:46,419 [INFO] Data exported to /home/socuser/ABSENSIKU/export_files/x105_attendance_2026-02-08.csv
2026-02-08 18:06:46,419 [INFO] Data exported to /home/socuser/ABSENSIKU/export_files/x105_attendance_2026-02-08.json
2026-02-09 06:07:13,091 [INFO] 📥 Retrieved 1 logs (today mode)
2026-02-09 06:07:13,111 [INFO] ✅ 1 new records inserted into /home/socuser/ABSENSIKU/db_files/x105.db
2026-02-09 06:07:13,112 [INFO] Data exported to /home/socuser/ABSENSIKU/export_files/x105_attendance_2026-02-09.csv
2026-02-09 06:07:13,112 [INFO] Data exported to /home/socuser/ABSENSIKU/export_files/x105_attendance_2026-02-09.json
2026-02-09 06:07:13,125 [INFO] Updated DB record count for machine SN 'A5NS193461028' to 52088.
2026-02-09 12:07:19,481 [INFO] 📥 Retrieved 8 logs (today mode)
2026-02-09 12:07:19,500 [INFO] ✅ 7 new records inserted into /home/socuser/ABSENSIKU/db_files/x105.db
2026-02-09 12:07:19,501 [INFO] Data exported to /home/socuser/ABSENSIKU/export_files/x105_attendance_2026-02-09.csv
2026-02-09 12:07:19,501 [INFO] Data exported to /home/socuser/ABSENSIKU/export_files/x105_attendance_2026-02-09.json
2026-02-09 12:07:19,511 [INFO] Updated DB record count for machine SN 'A5NS193461028' to 52095.
2026-02-09 15:05:26,245 [ERROR] No logs: Exception while reading logs: timed out
2026-02-09 18:07:39,934 [INFO] 📥 Retrieved 30 logs (today mode)
2026-02-09 18:07:39,956 [INFO] ✅ 22 new records inserted into /home/socuser/ABSENSIKU/db_files/x105.db
2026-02-09 18:07:39,956 [INFO] Data exported to /home/socuser/ABSENSIKU/export_files/x105_attendance_2026-02-09.csv
2026-02-09 18:07:39,957 [INFO] Data exported to /home/socuser/ABSENSIKU/export_files/x105_attendance_2026-02-09.json
2026-02-09 18:07:39,970 [INFO] Updated DB record count for machine SN 'A5NS193461028' to 52117.
2026-02-10 06:00:05,011 [ERROR] No logs: can't reach device (ping 192.168.1.33)
2026-02-10 12:00:03,090 [ERROR] No logs: can't reach device (ping 192.168.1.33)
2026-02-10 15:00:03,058 [ERROR] No logs: can't reach device (ping 192.168.1.33)
2026-02-10 18:00:03,090 [ERROR] No logs: can't reach device (ping 192.168.1.33)
2026-02-11 06:00:03,090 [ERROR] No logs: can't reach device (ping 192.168.1.33)
2026-02-11 12:09:06,790 [ERROR] No logs: Exception while reading logs: timed out
2026-02-11 15:09:20,532 [INFO] 📥 Retrieved 26 logs (today mode)
2026-02-11 15:09:20,578 [INFO] ✅ 26 new records inserted into /home/socuser/ABSENSIKU/db_files/x105.db
2026-02-11 15:09:20,579 [INFO] Data exported to /home/socuser/ABSENSIKU/export_files/x105_attendance_2026-02-11.csv
2026-02-11 15:09:20,580 [INFO] Data exported to /home/socuser/ABSENSIKU/export_files/x105_attendance_2026-02-11.json
2026-02-11 15:09:20,593 [INFO] Updated DB record count for machine SN 'A5NS193461028' to 52143.
2026-02-11 18:07:18,888 [INFO] 📥 Retrieved 33 logs (today mode)
2026-02-11 18:07:18,898 [INFO] ✅ 7 new records inserted into /home/socuser/ABSENSIKU/db_files/x105.db
2026-02-11 18:07:18,899 [INFO] Data exported to /home/socuser/ABSENSIKU/export_files/x105_attendance_2026-02-11.csv
2026-02-11 18:07:18,900 [INFO] Data exported to /home/socuser/ABSENSIKU/export_files/x105_attendance_2026-02-11.json
2026-02-11 18:07:18,918 [INFO] Updated DB record count for machine SN 'A5NS193461028' to 52150.
2026-02-12 06:08:22,041 [INFO] 📥 Retrieved 0 logs (today mode)
2026-02-12 06:08:22,041 [INFO] No logs found in the specified range.
2026-02-24 12:17:29,404 [INFO] 📥 Retrieved 10 logs (today mode)
2026-02-24 12:17:29,426 [INFO] ✅ 10 new records inserted into /home/socuser/ABSENSIKU/db_files/x105.db
2026-02-24 12:17:29,427 [INFO] Data exported to /home/socuser/ABSENSIKU/export_files/x105_attendance_2026-02-24.csv
2026-02-24 12:17:29,427 [INFO] Data exported to /home/socuser/ABSENSIKU/export_files/x105_attendance_2026-02-24.json
2026-02-24 12:17:29,438 [INFO] Updated DB record count for machine SN 'A5NS193461028' to 52160.
2026-02-24 15:00:05,009 [ERROR] No logs: can't reach device (ping 192.168.1.33)
2026-02-24 18:00:03,080 [ERROR] No logs: can't reach device (ping 192.168.1.33)
2026-02-25 06:00:03,080 [ERROR] No logs: can't reach device (ping 192.168.1.33)
2026-02-25 09:48:06,873 [ERROR] No logs: timed out
2026-02-25 09:48:06,880 [INFO] Updated DB record count for machine SN 'A5NS193461028' to 52160.
2026-02-25 12:09:28,002 [INFO] 📥 Retrieved 13 logs (today mode)
2026-02-25 12:09:28,012 [INFO] ✅ 13 new records inserted into /home/socuser/ABSENSIKU/db_files/x105.db
2026-02-25 12:09:28,013 [INFO] Data exported to /home/socuser/ABSENSIKU/export_files/x105_attendance_2026-02-25.csv
2026-02-25 12:09:28,013 [INFO] Data exported to /home/socuser/ABSENSIKU/export_files/x105_attendance_2026-02-25.json
2026-02-25 12:09:28,026 [INFO] Updated DB record count for machine SN 'A5NS193461028' to 52173.
2026-02-25 15:02:23,710 [ERROR] No logs: Exception while reading logs: timed out
2026-02-25 18:00:03,080 [ERROR] No logs: can't reach device (ping 192.168.1.33)
2026-02-26 06:00:03,080 [ERROR] No logs: can't reach device (ping 192.168.1.33)
2026-02-26 12:02:56,679 [ERROR] No logs: Exception while reading logs: timed out
2026-02-26 15:03:55,608 [ERROR] No logs: Exception while reading logs: timed out
2026-02-26 18:04:50,217 [ERROR] No logs: Exception while reading logs: timed out
2026-02-27 06:08:38,930 [ERROR] No logs: Exception while reading logs: timed out
2026-02-27 12:07:53,452 [INFO] 📥 Retrieved 11 logs (today mode)
2026-02-27 12:07:53,471 [INFO] ✅ 11 new records inserted into /home/socuser/ABSENSIKU/db_files/x105.db
2026-02-27 12:07:53,471 [INFO] Data exported to /home/socuser/ABSENSIKU/export_files/x105_attendance_2026-02-27.csv
2026-02-27 12:07:53,472 [INFO] Data exported to /home/socuser/ABSENSIKU/export_files/x105_attendance_2026-02-27.json
2026-02-27 12:07:53,486 [INFO] Updated DB record count for machine SN 'A5NS193461028' to 52184.
2026-02-27 15:09:15,199 [INFO] 📥 Retrieved 14 logs (today mode)
2026-02-27 15:09:15,211 [INFO] ✅ 3 new records inserted into /home/socuser/ABSENSIKU/db_files/x105.db
2026-02-27 15:09:15,211 [INFO] Data exported to /home/socuser/ABSENSIKU/export_files/x105_attendance_2026-02-27.csv
2026-02-27 15:09:15,212 [INFO] Data exported to /home/socuser/ABSENSIKU/export_files/x105_attendance_2026-02-27.json
2026-02-27 15:09:15,227 [INFO] Updated DB record count for machine SN 'A5NS193461028' to 52187.
2026-02-27 18:09:21,908 [INFO] 📥 Retrieved 16 logs (today mode)
2026-02-27 18:09:21,929 [INFO] ✅ 2 new records inserted into /home/socuser/ABSENSIKU/db_files/x105.db
2026-02-27 18:09:21,929 [INFO] Data exported to /home/socuser/ABSENSIKU/export_files/x105_attendance_2026-02-27.csv
2026-02-27 18:09:21,930 [INFO] Data exported to /home/socuser/ABSENSIKU/export_files/x105_attendance_2026-02-27.json
2026-02-27 18:09:21,943 [INFO] Updated DB record count for machine SN 'A5NS193461028' to 52189.
2026-02-28 06:08:57,610 [INFO] 📥 Retrieved 2 logs (today mode)
2026-02-28 06:08:57,633 [INFO] ✅ 2 new records inserted into /home/socuser/ABSENSIKU/db_files/x105.db
2026-02-28 06:08:57,633 [INFO] Data exported to /home/socuser/ABSENSIKU/export_files/x105_attendance_2026-02-28.csv
2026-02-28 06:08:57,634 [INFO] Data exported to /home/socuser/ABSENSIKU/export_files/x105_attendance_2026-02-28.json
2026-02-28 06:08:57,650 [INFO] Updated DB record count for machine SN 'A5NS193461028' to 52191.
2026-02-28 12:08:36,558 [INFO] 📥 Retrieved 2 logs (today mode)
2026-02-28 12:08:36,579 [INFO] ✅ 0 new records inserted into /home/socuser/ABSENSIKU/db_files/x105.db
2026-02-28 12:08:36,579 [INFO] Data exported to /home/socuser/ABSENSIKU/export_files/x105_attendance_2026-02-28.csv
2026-02-28 12:08:36,580 [INFO] Data exported to /home/socuser/ABSENSIKU/export_files/x105_attendance_2026-02-28.json
2026-02-28 15:08:36,267 [INFO] 📥 Retrieved 3 logs (today mode)
2026-02-28 15:08:36,289 [INFO] ✅ 1 new records inserted into /home/socuser/ABSENSIKU/db_files/x105.db
2026-02-28 15:08:36,289 [INFO] Data exported to /home/socuser/ABSENSIKU/export_files/x105_attendance_2026-02-28.csv
2026-02-28 15:08:36,290 [INFO] Data exported to /home/socuser/ABSENSIKU/export_files/x105_attendance_2026-02-28.json
2026-02-28 15:08:36,303 [INFO] Updated DB record count for machine SN 'A5NS193461028' to 52192.
2026-02-28 18:08:17,414 [INFO] 📥 Retrieved 6 logs (today mode)
2026-02-28 18:08:17,433 [INFO] ✅ 3 new records inserted into /home/socuser/ABSENSIKU/db_files/x105.db
2026-02-28 18:08:17,434 [INFO] Data exported to /home/socuser/ABSENSIKU/export_files/x105_attendance_2026-02-28.csv
2026-02-28 18:08:17,434 [INFO] Data exported to /home/socuser/ABSENSIKU/export_files/x105_attendance_2026-02-28.json
2026-02-28 18:08:17,444 [INFO] Updated DB record count for machine SN 'A5NS193461028' to 52195.
2026-03-01 06:08:57,961 [INFO] 📥 Retrieved 3 logs (today mode)
2026-03-01 06:08:58,010 [INFO] ✅ 3 new records inserted into /home/socuser/ABSENSIKU/db_files/x105.db
2026-03-01 06:08:58,010 [INFO] Data exported to /home/socuser/ABSENSIKU/export_files/x105_attendance_2026-03-01.csv
2026-03-01 06:08:58,010 [INFO] Data exported to /home/socuser/ABSENSIKU/export_files/x105_attendance_2026-03-01.json
2026-03-01 06:08:58,024 [INFO] Updated DB record count for machine SN 'A5NS193461028' to 52198.
2026-03-01 12:08:33,224 [INFO] 📥 Retrieved 3 logs (today mode)
2026-03-01 12:08:33,244 [INFO] ✅ 0 new records inserted into /home/socuser/ABSENSIKU/db_files/x105.db
2026-03-01 12:08:33,244 [INFO] Data exported to /home/socuser/ABSENSIKU/export_files/x105_attendance_2026-03-01.csv
2026-03-01 12:08:33,245 [INFO] Data exported to /home/socuser/ABSENSIKU/export_files/x105_attendance_2026-03-01.json
2026-03-01 15:10:59,907 [INFO] 📥 Retrieved 4 logs (today mode)
2026-03-01 15:10:59,928 [INFO] ✅ 1 new records inserted into /home/socuser/ABSENSIKU/db_files/x105.db
2026-03-01 15:10:59,929 [INFO] Data exported to /home/socuser/ABSENSIKU/export_files/x105_attendance_2026-03-01.csv
2026-03-01 15:10:59,930 [INFO] Data exported to /home/socuser/ABSENSIKU/export_files/x105_attendance_2026-03-01.json
2026-03-01 15:10:59,944 [INFO] Updated DB record count for machine SN 'A5NS193461028' to 52199.
2026-03-01 18:00:05,007 [ERROR] No logs: can't reach device (ping 192.168.1.33)
2026-03-02 06:09:03,256 [INFO] 📥 Retrieved 4 logs (today mode)
2026-03-02 06:09:03,267 [INFO] ✅ 4 new records inserted into /home/socuser/ABSENSIKU/db_files/x105.db
2026-03-02 06:09:03,268 [INFO] Data exported to /home/socuser/ABSENSIKU/export_files/x105_attendance_2026-03-02.csv
2026-03-02 06:09:03,268 [INFO] Data exported to /home/socuser/ABSENSIKU/export_files/x105_attendance_2026-03-02.json
2026-03-02 06:09:03,282 [INFO] Updated DB record count for machine SN 'A5NS193461028' to 52203.
2026-03-02 12:08:34,292 [INFO] 📥 Retrieved 18 logs (today mode)
2026-03-02 12:08:34,340 [INFO] ✅ 14 new records inserted into /home/socuser/ABSENSIKU/db_files/x105.db
2026-03-02 12:08:34,341 [INFO] Data exported to /home/socuser/ABSENSIKU/export_files/x105_attendance_2026-03-02.csv
2026-03-02 12:08:34,342 [INFO] Data exported to /home/socuser/ABSENSIKU/export_files/x105_attendance_2026-03-02.json
2026-03-02 12:08:34,353 [INFO] Updated DB record count for machine SN 'A5NS193461028' to 52217.
2026-03-02 15:08:45,656 [INFO] 📥 Retrieved 24 logs (today mode)
2026-03-02 15:08:45,678 [INFO] ✅ 6 new records inserted into /home/socuser/ABSENSIKU/db_files/x105.db
2026-03-02 15:08:45,679 [INFO] Data exported to /home/socuser/ABSENSIKU/export_files/x105_attendance_2026-03-02.csv
2026-03-02 15:08:45,680 [INFO] Data exported to /home/socuser/ABSENSIKU/export_files/x105_attendance_2026-03-02.json
2026-03-02 15:08:45,691 [INFO] Updated DB record count for machine SN 'A5NS193461028' to 52223.
2026-03-02 18:09:04,964 [INFO] 📥 Retrieved 25 logs (today mode)
2026-03-02 18:09:04,985 [INFO] ✅ 1 new records inserted into /home/socuser/ABSENSIKU/db_files/x105.db
2026-03-02 18:09:04,986 [INFO] Data exported to /home/socuser/ABSENSIKU/export_files/x105_attendance_2026-03-02.csv
2026-03-02 18:09:04,987 [INFO] Data exported to /home/socuser/ABSENSIKU/export_files/x105_attendance_2026-03-02.json
2026-03-02 18:09:05,001 [INFO] Updated DB record count for machine SN 'A5NS193461028' to 52224.
2026-03-03 06:08:37,011 [INFO] 📥 Retrieved 3 logs (today mode)
2026-03-03 06:08:37,021 [INFO] ✅ 3 new records inserted into /home/socuser/ABSENSIKU/db_files/x105.db
2026-03-03 06:08:37,021 [INFO] Data exported to /home/socuser/ABSENSIKU/export_files/x105_attendance_2026-03-03.csv
2026-03-03 06:08:37,022 [INFO] Data exported to /home/socuser/ABSENSIKU/export_files/x105_attendance_2026-03-03.json
2026-03-03 06:08:37,037 [INFO] Updated DB record count for machine SN 'A5NS193461028' to 52227.
2026-03-03 12:10:26,149 [INFO] 📥 Retrieved 15 logs (today mode)
2026-03-03 12:10:26,197 [INFO] ✅ 12 new records inserted into /home/socuser/ABSENSIKU/db_files/x105.db
2026-03-03 12:10:26,198 [INFO] Data exported to /home/socuser/ABSENSIKU/export_files/x105_attendance_2026-03-03.csv
2026-03-03 12:10:26,198 [INFO] Data exported to /home/socuser/ABSENSIKU/export_files/x105_attendance_2026-03-03.json
2026-03-03 12:10:26,208 [INFO] Updated DB record count for machine SN 'A5NS193461028' to 52239.
2026-03-03 15:09:00,164 [INFO] 📥 Retrieved 15 logs (today mode)
2026-03-03 15:09:00,174 [INFO] ✅ 0 new records inserted into /home/socuser/ABSENSIKU/db_files/x105.db
2026-03-03 15:09:00,175 [INFO] Data exported to /home/socuser/ABSENSIKU/export_files/x105_attendance_2026-03-03.csv
2026-03-03 15:09:00,176 [INFO] Data exported to /home/socuser/ABSENSIKU/export_files/x105_attendance_2026-03-03.json
2026-03-03 18:09:06,025 [INFO] 📥 Retrieved 16 logs (today mode)
2026-03-03 18:09:06,046 [INFO] ✅ 1 new records inserted into /home/socuser/ABSENSIKU/db_files/x105.db
2026-03-03 18:09:06,046 [INFO] Data exported to /home/socuser/ABSENSIKU/export_files/x105_attendance_2026-03-03.csv
2026-03-03 18:09:06,047 [INFO] Data exported to /home/socuser/ABSENSIKU/export_files/x105_attendance_2026-03-03.json
2026-03-03 18:09:06,056 [INFO] Updated DB record count for machine SN 'A5NS193461028' to 52240.
2026-03-04 06:09:03,632 [INFO] 📥 Retrieved 3 logs (today mode)
2026-03-04 06:09:03,652 [INFO] ✅ 3 new records inserted into /home/socuser/ABSENSIKU/db_files/x105.db
2026-03-04 06:09:03,652 [INFO] Data exported to /home/socuser/ABSENSIKU/export_files/x105_attendance_2026-03-04.csv
2026-03-04 06:09:03,652 [INFO] Data exported to /home/socuser/ABSENSIKU/export_files/x105_attendance_2026-03-04.json
2026-03-04 06:09:03,673 [INFO] Updated DB record count for machine SN 'A5NS193461028' to 52243.
2026-03-04 12:11:01,869 [INFO] 📥 Retrieved 10 logs (today mode)
2026-03-04 12:11:01,920 [INFO] ✅ 7 new records inserted into /home/socuser/ABSENSIKU/db_files/x105.db
2026-03-04 12:11:01,920 [INFO] Data exported to /home/socuser/ABSENSIKU/export_files/x105_attendance_2026-03-04.csv
2026-03-04 12:11:01,921 [INFO] Data exported to /home/socuser/ABSENSIKU/export_files/x105_attendance_2026-03-04.json
2026-03-04 12:11:01,935 [INFO] Updated DB record count for machine SN 'A5NS193461028' to 52250.
2026-03-04 15:11:16,121 [INFO] 📥 Retrieved 16 logs (today mode)
2026-03-04 15:11:16,133 [INFO] ✅ 6 new records inserted into /home/socuser/ABSENSIKU/db_files/x105.db
2026-03-04 15:11:16,134 [INFO] Data exported to /home/socuser/ABSENSIKU/export_files/x105_attendance_2026-03-04.csv
2026-03-04 15:11:16,134 [INFO] Data exported to /home/socuser/ABSENSIKU/export_files/x105_attendance_2026-03-04.json
2026-03-04 15:11:16,147 [INFO] Updated DB record count for machine SN 'A5NS193461028' to 52256.
2026-03-04 18:00:05,008 [ERROR] No logs: can't reach device (ping 192.168.1.33)
2026-03-05 06:00:03,080 [ERROR] No logs: can't reach device (ping 192.168.1.33)
2026-03-05 12:00:03,081 [ERROR] No logs: can't reach device (ping 192.168.1.33)
2026-03-05 15:00:03,081 [ERROR] No logs: can't reach device (ping 192.168.1.33)
2026-03-05 18:00:03,083 [ERROR] No logs: can't reach device (ping 192.168.1.33)
2026-03-06 06:01:50,063 [ERROR] No logs: Exception while reading logs: timed out
2026-03-06 12:03:45,269 [ERROR] No logs: Exception while reading logs: timed out
2026-03-06 15:04:41,306 [ERROR] No logs: Exception while reading logs: timed out
2026-03-06 18:05:39,100 [ERROR] No logs: Exception while reading logs: timed out
2026-03-07 06:09:27,959 [ERROR] No logs: Exception while reading logs: timed out
2026-03-07 12:08:31,806 [INFO] 📥 Retrieved 2 logs (today mode)
2026-03-07 12:08:31,826 [INFO] ✅ 2 new records inserted into /home/socuser/ABSENSIKU/db_files/x105.db
2026-03-07 12:08:31,826 [INFO] Data exported to /home/socuser/ABSENSIKU/export_files/x105_attendance_2026-03-07.csv
2026-03-07 12:08:31,826 [INFO] Data exported to /home/socuser/ABSENSIKU/export_files/x105_attendance_2026-03-07.json
2026-03-07 12:08:31,838 [INFO] Updated DB record count for machine SN 'A5NS193461028' to 52258.
2026-03-07 15:00:05,006 [ERROR] No logs: can't reach device (ping 192.168.1.33)
2026-03-07 18:00:03,080 [ERROR] No logs: can't reach device (ping 192.168.1.33)
2026-03-08 06:09:36,939 [INFO] 📥 Retrieved 3 logs (today mode)
2026-03-08 06:09:36,959 [INFO] ✅ 3 new records inserted into /home/socuser/ABSENSIKU/db_files/x105.db
2026-03-08 06:09:36,959 [INFO] Data exported to /home/socuser/ABSENSIKU/export_files/x105_attendance_2026-03-08.csv
2026-03-08 06:09:36,960 [INFO] Data exported to /home/socuser/ABSENSIKU/export_files/x105_attendance_2026-03-08.json
2026-03-08 06:09:36,973 [INFO] Updated DB record count for machine SN 'A5NS193461028' to 52261.
2026-03-08 12:09:52,557 [INFO] 📥 Retrieved 3 logs (today mode)
2026-03-08 12:09:52,566 [INFO] ✅ 0 new records inserted into /home/socuser/ABSENSIKU/db_files/x105.db
2026-03-08 12:09:52,567 [INFO] Data exported to /home/socuser/ABSENSIKU/export_files/x105_attendance_2026-03-08.csv
2026-03-08 12:09:52,567 [INFO] Data exported to /home/socuser/ABSENSIKU/export_files/x105_attendance_2026-03-08.json
2026-03-08 15:08:07,301 [INFO] 📥 Retrieved 5 logs (today mode)
2026-03-08 15:08:07,322 [INFO] ✅ 2 new records inserted into /home/socuser/ABSENSIKU/db_files/x105.db
2026-03-08 15:08:07,323 [INFO] Data exported to /home/socuser/ABSENSIKU/export_files/x105_attendance_2026-03-08.csv
2026-03-08 15:08:07,323 [INFO] Data exported to /home/socuser/ABSENSIKU/export_files/x105_attendance_2026-03-08.json
2026-03-08 15:08:07,333 [INFO] Updated DB record count for machine SN 'A5NS193461028' to 52263.
2026-03-08 18:09:58,229 [INFO] 📥 Retrieved 6 logs (today mode)
2026-03-08 18:09:58,249 [INFO] ✅ 1 new records inserted into /home/socuser/ABSENSIKU/db_files/x105.db
2026-03-08 18:09:58,249 [INFO] Data exported to /home/socuser/ABSENSIKU/export_files/x105_attendance_2026-03-08.csv
2026-03-08 18:09:58,250 [INFO] Data exported to /home/socuser/ABSENSIKU/export_files/x105_attendance_2026-03-08.json
2026-03-08 18:09:58,262 [INFO] Updated DB record count for machine SN 'A5NS193461028' to 52264.
2026-03-09 06:09:03,471 [INFO] 📥 Retrieved 2 logs (today mode)
2026-03-09 06:09:03,491 [INFO] ✅ 2 new records inserted into /home/socuser/ABSENSIKU/db_files/x105.db
2026-03-09 06:09:03,491 [INFO] Data exported to /home/socuser/ABSENSIKU/export_files/x105_attendance_2026-03-09.csv
2026-03-09 06:09:03,491 [INFO] Data exported to /home/socuser/ABSENSIKU/export_files/x105_attendance_2026-03-09.json
2026-03-09 06:09:03,505 [INFO] Updated DB record count for machine SN 'A5NS193461028' to 52266.
2026-03-09 12:09:33,824 [INFO] 📥 Retrieved 11 logs (today mode)
2026-03-09 12:09:33,833 [INFO] ✅ 9 new records inserted into /home/socuser/ABSENSIKU/db_files/x105.db
2026-03-09 12:09:33,833 [INFO] Data exported to /home/socuser/ABSENSIKU/export_files/x105_attendance_2026-03-09.csv
2026-03-09 12:09:33,834 [INFO] Data exported to /home/socuser/ABSENSIKU/export_files/x105_attendance_2026-03-09.json
2026-03-09 12:09:33,845 [INFO] Updated DB record count for machine SN 'A5NS193461028' to 52275.
2026-03-09 15:09:49,949 [INFO] 📥 Retrieved 14 logs (today mode)
2026-03-09 15:09:49,960 [INFO] ✅ 3 new records inserted into /home/socuser/ABSENSIKU/db_files/x105.db
2026-03-09 15:09:49,961 [INFO] Data exported to /home/socuser/ABSENSIKU/export_files/x105_attendance_2026-03-09.csv
2026-03-09 15:09:49,961 [INFO] Data exported to /home/socuser/ABSENSIKU/export_files/x105_attendance_2026-03-09.json
2026-03-09 15:09:49,975 [INFO] Updated DB record count for machine SN 'A5NS193461028' to 52278.
2026-03-09 18:08:45,556 [INFO] 📥 Retrieved 15 logs (today mode)
2026-03-09 18:08:45,564 [INFO] ✅ 1 new records inserted into /home/socuser/ABSENSIKU/db_files/x105.db
2026-03-09 18:08:45,565 [INFO] Data exported to /home/socuser/ABSENSIKU/export_files/x105_attendance_2026-03-09.csv
2026-03-09 18:08:45,566 [INFO] Data exported to /home/socuser/ABSENSIKU/export_files/x105_attendance_2026-03-09.json
2026-03-09 18:08:45,577 [INFO] Updated DB record count for machine SN 'A5NS193461028' to 52279.
2026-03-10 06:09:31,585 [INFO] 📥 Retrieved 3 logs (today mode)
2026-03-10 06:09:31,595 [INFO] ✅ 3 new records inserted into /home/socuser/ABSENSIKU/db_files/x105.db
2026-03-10 06:09:31,595 [INFO] Data exported to /home/socuser/ABSENSIKU/export_files/x105_attendance_2026-03-10.csv
2026-03-10 06:09:31,595 [INFO] Data exported to /home/socuser/ABSENSIKU/export_files/x105_attendance_2026-03-10.json
2026-03-10 06:09:31,608 [INFO] Updated DB record count for machine SN 'A5NS193461028' to 52282.
2026-03-10 12:10:23,907 [INFO] 📥 Retrieved 12 logs (today mode)
2026-03-10 12:10:23,915 [INFO] ✅ 9 new records inserted into /home/socuser/ABSENSIKU/db_files/x105.db
2026-03-10 12:10:23,916 [INFO] Data exported to /home/socuser/ABSENSIKU/export_files/x105_attendance_2026-03-10.csv
2026-03-10 12:10:23,916 [INFO] Data exported to /home/socuser/ABSENSIKU/export_files/x105_attendance_2026-03-10.json
2026-03-10 12:10:23,927 [INFO] Updated DB record count for machine SN 'A5NS193461028' to 52291.
2026-03-10 15:10:20,405 [INFO] 📥 Retrieved 13 logs (today mode)
2026-03-10 15:10:20,424 [INFO] ✅ 1 new records inserted into /home/socuser/ABSENSIKU/db_files/x105.db
2026-03-10 15:10:20,425 [INFO] Data exported to /home/socuser/ABSENSIKU/export_files/x105_attendance_2026-03-10.csv
2026-03-10 15:10:20,425 [INFO] Data exported to /home/socuser/ABSENSIKU/export_files/x105_attendance_2026-03-10.json
2026-03-10 15:10:20,438 [INFO] Updated DB record count for machine SN 'A5NS193461028' to 52292.
2026-03-10 18:00:56,587 [ERROR] No logs: Exception while reading logs: timed out
2026-03-11 06:00:03,080 [ERROR] No logs: can't reach device (ping 192.168.1.33)
2026-03-11 12:00:03,080 [ERROR] No logs: can't reach device (ping 192.168.1.33)
2026-03-11 15:00:03,080 [ERROR] No logs: can't reach device (ping 192.168.1.33)
2026-03-11 18:00:03,079 [ERROR] No logs: can't reach device (ping 192.168.1.33)
2026-03-12 06:09:23,519 [INFO] 📥 Retrieved 1 logs (today mode)
2026-03-12 06:09:23,539 [INFO] ✅ 1 new records inserted into /home/socuser/ABSENSIKU/db_files/x105.db
2026-03-12 06:09:23,540 [INFO] Data exported to /home/socuser/ABSENSIKU/export_files/x105_attendance_2026-03-12.csv
2026-03-12 06:09:23,540 [INFO] Data exported to /home/socuser/ABSENSIKU/export_files/x105_attendance_2026-03-12.json
2026-03-12 06:09:23,551 [INFO] Updated DB record count for machine SN 'A5NS193461028' to 52293.
