2025-11-02 06:24:31,253 [INFO] 📋 Jobs terdaftar: [<Job (id=download_logs name=wrapper)>]
2025-11-02 06:24:31,254 [INFO] 🚀 Web server started
2025-11-02 06:35:19,919 [INFO] 📋 Jobs terdaftar: [<Job (id=download_logs name=wrapper)>]
2025-11-02 06:35:19,919 [INFO] 🚀 Web server started
2025-11-02 06:38:41,464 [INFO] 📋 Jobs terdaftar: [<Job (id=download_logs name=wrapper)>]
2025-11-02 06:38:41,464 [INFO] 🚀 Web server started
2025-11-02 06:45:00,000 [INFO] 🕒 Scheduler triggered at 2025-11-02 06:45:00.000849
2025-11-02 06:54:47,587 [INFO] 📋 Jobs terdaftar: [<Job (id=download_logs name=wrapper)>]
2025-11-02 06:54:47,587 [INFO] 🚀 Web server started
2025-11-02 07:05:44,946 [INFO] 📋 Jobs terdaftar: [<Job (id=download_logs name=wrapper)>]
2025-11-02 07:05:44,947 [INFO] 🚀 Web server started
2025-11-03 11:23:58,986 [INFO] 📋 Jobs terdaftar: [<Job (id=download_logs name=wrapper)>]
2025-11-03 11:23:58,987 [INFO] 🚀 Web server started
2025-11-03 11:24:14,101 [INFO] 📋 Jobs terdaftar: [<Job (id=download_logs name=wrapper)>]
2025-11-03 11:24:14,101 [INFO] 🚀 Web server started
2025-11-03 11:28:04,966 [INFO] 📋 Jobs terdaftar: [<Job (id=download_logs name=wrapper)>]
2025-11-03 11:28:04,967 [INFO] 🚀 Web server started
2025-11-03 11:31:23,991 [INFO] 📋 Jobs terdaftar: [<Job (id=download_logs name=wrapper)>]
2025-11-03 11:31:23,991 [INFO] 🚀 Web server started
2025-11-03 11:33:33,433 [INFO] 📋 Jobs terdaftar: [<Job (id=download_logs name=wrapper)>]
2025-11-03 11:33:33,433 [INFO] 🚀 Web server started
2025-11-03 11:34:43,335 [INFO] 📋 Jobs terdaftar: [<Job (id=download_logs name=wrapper)>]
2025-11-03 11:34:43,335 [INFO] 🚀 Web server started
2025-11-03 11:36:45,999 [INFO] 📋 Jobs terdaftar: [<Job (id=download_logs name=wrapper)>]
2025-11-03 11:36:46,000 [INFO] 🚀 Web server started
2025-11-03 11:37:38,872 [INFO] 📋 Jobs terdaftar: [<Job (id=download_logs name=wrapper)>]
2025-11-03 11:37:38,873 [INFO] 🚀 Web server started
2025-11-03 11:39:04,333 [INFO] 📋 Jobs terdaftar: [<Job (id=download_logs name=wrapper)>]
2025-11-03 11:39:04,334 [INFO] 🚀 Web server started
2025-11-03 11:40:54,701 [INFO] 📋 Jobs terdaftar: [<Job (id=download_logs name=wrapper)>]
2025-11-03 11:40:54,701 [INFO] 🚀 Web server started
2025-11-03 11:42:51,509 [INFO] 📋 Jobs terdaftar: [<Job (id=download_logs name=wrapper)>]
2025-11-03 11:42:51,509 [INFO] 🚀 Web server started
2025-11-03 11:44:48,737 [INFO] 📋 Jobs terdaftar: [<Job (id=download_logs name=wrapper)>]
2025-11-03 11:44:48,738 [INFO] 🚀 Web server started
2025-11-03 11:45:00,001 [INFO] 🕒 Scheduler triggered at 2025-11-03 11:45:00.001137
2025-11-03 11:54:08,411 [INFO] 📋 Jobs terdaftar: [<Job (id=download_logs name=wrapper)>]
2025-11-03 11:54:08,412 [INFO] 🚀 Web server started
2025-11-03 11:57:14,314 [INFO] 📋 Jobs terdaftar: [<Job (id=download_logs name=wrapper)>]
2025-11-03 11:57:14,314 [INFO] 🚀 Web server started
2025-11-03 12:52:09,237 [INFO] 📋 Jobs terdaftar: [<Job (id=download_logs name=wrapper)>]
2025-11-03 12:52:09,238 [INFO] 🚀 Web server started
2025-11-04 15:48:44,074 [INFO] 📋 Jobs terdaftar: [<Job (id=download_logs name=wrapper)>]
2025-11-04 15:48:44,075 [INFO] 🚀 Web server started
2025-11-04 15:51:24,826 [INFO] 📋 Jobs terdaftar: [<Job (id=download_logs name=wrapper)>]
2025-11-04 15:51:24,827 [INFO] 🚀 Web server started
2025-11-04 15:59:53,460 [INFO] 📋 Jobs terdaftar: [<Job (id=download_logs name=wrapper)>]
2025-11-04 15:59:53,460 [INFO] 🚀 Web server started
2025-11-04 16:07:04,986 [INFO] 📋 Jobs terdaftar: [<Job (id=download_logs name=wrapper)>]
2025-11-04 16:07:04,986 [INFO] 🚀 Web server started
2025-11-04 16:10:17,869 [INFO] 📋 Jobs terdaftar: [<Job (id=download_logs name=wrapper)>]
2025-11-04 16:10:17,870 [INFO] 🚀 Web server started
2025-11-04 16:13:12,160 [INFO] 📋 Jobs terdaftar: [<Job (id=download_logs name=wrapper)>]
2025-11-04 16:13:12,160 [INFO] 🚀 Web server started
2025-11-04 16:16:28,176 [INFO] 📋 Jobs terdaftar: [<Job (id=download_logs name=wrapper)>]
2025-11-04 16:16:28,176 [INFO] 🚀 Web server started
2025-11-04 16:22:37,483 [INFO] 📋 Jobs terdaftar: [<Job (id=download_logs name=wrapper)>]
2025-11-04 16:22:37,484 [INFO] 🚀 Web server started
2025-11-05 10:21:20,494 [INFO] 📋 Jobs terdaftar: [<Job (id=download_logs name=wrapper)>]
2025-11-05 10:21:20,495 [INFO] 🚀 Web server started
2025-11-05 10:31:39,639 [INFO] 📋 Jobs terdaftar: [<Job (id=download_logs name=wrapper)>]
2025-11-05 10:31:39,639 [INFO] 🚀 Web server started
2025-11-05 10:59:43,082 [INFO] 📋 Jobs terdaftar: [<Job (id=download_logs name=wrapper)>]
2025-11-05 10:59:43,083 [INFO] 🚀 Web server started
2025-11-05 11:13:23,819 [INFO] 📋 Jobs terdaftar: [<Job (id=download_logs name=wrapper)>]
2025-11-05 11:13:23,819 [INFO] 🚀 Web server started
2025-11-05 11:20:54,880 [INFO] 📋 Jobs terdaftar: [<Job (id=download_logs name=wrapper)>]
2025-11-05 11:20:54,880 [INFO] 🚀 Web server started
2025-11-05 11:36:45,631 [INFO] 📋 Jobs terdaftar: [<Job (id=download_logs name=wrapper)>]
2025-11-05 11:36:45,632 [INFO] 🚀 Web server started
2025-11-05 11:45:00,001 [INFO] 🕒 Scheduler triggered at 2025-11-05 11:45:00.001127
2025-11-05 11:46:18,319 [INFO] 📋 Jobs terdaftar: [<Job (id=download_logs name=wrapper)>]
2025-11-05 11:46:18,319 [INFO] 🚀 Web server started
2025-11-05 11:48:29,006 [INFO] 📋 Jobs terdaftar: [<Job (id=download_logs name=wrapper)>]
2025-11-05 11:48:29,006 [INFO] 🚀 Web server started
2025-11-05 11:51:05,822 [INFO] 📋 Jobs terdaftar: [<Job (id=download_logs name=wrapper)>]
2025-11-05 11:51:05,822 [INFO] 🚀 Web server started
2025-11-05 11:52:57,270 [INFO] 📋 Jobs terdaftar: [<Job (id=download_logs name=wrapper)>]
2025-11-05 11:52:57,270 [INFO] 🚀 Web server started
2025-11-05 11:54:09,069 [INFO] 📋 Jobs terdaftar: [<Job (id=download_logs name=wrapper)>]
2025-11-05 11:54:09,070 [INFO] 🚀 Web server started
2025-11-05 11:56:18,553 [INFO] 📋 Jobs terdaftar: [<Job (id=download_logs name=wrapper)>]
2025-11-05 11:56:18,554 [INFO] 🚀 Web server started
2025-11-06 09:06:36,366 [INFO] 📋 Jobs terdaftar: [<Job (id=download_logs name=wrapper)>]
2025-11-06 09:06:36,367 [INFO] 🚀 Web server started
2025-11-06 09:29:08,465 [INFO] 📋 Jobs terdaftar: [<Job (id=download_logs name=wrapper)>]
2025-11-06 09:29:08,465 [INFO] 🚀 Web server started
2025-11-06 09:40:15,986 [ERROR] DB Error: Could not read machines for scheduling. no such column: sync_schedule
2025-11-06 09:40:15,986 [WARNING] No machines with a schedule found in the database. No jobs scheduled.
2025-11-06 09:40:15,989 [INFO] 📋 All jobs registered: []
2025-11-06 09:40:15,990 [INFO] 🚀 Web server started
2025-11-06 09:46:27,877 [ERROR] DB Error: Could not read machines for scheduling. no such column: sync_schedule
2025-11-06 09:46:27,878 [WARNING] No machines with a schedule found in the database. No jobs scheduled.
2025-11-06 09:46:27,881 [INFO] 📋 All jobs registered: []
2025-11-06 09:46:27,881 [INFO] 🚀 Web server started
2025-11-06 09:51:22,613 [ERROR] DB Error: Could not read machines for scheduling. no such column: sync_schedule
2025-11-06 09:51:22,614 [WARNING] No machines with a schedule found in the database. No jobs scheduled.
2025-11-06 09:51:22,617 [INFO] 📋 All jobs registered: []
2025-11-06 09:51:22,617 [INFO] 🚀 Web server started
2025-11-06 09:53:11,346 [ERROR] DB Error: Could not read machines for scheduling. no such column: sync_schedule
2025-11-06 09:53:11,346 [WARNING] No machines with a schedule found in the database. No jobs scheduled.
2025-11-06 09:53:11,349 [INFO] 📋 All jobs registered: []
2025-11-06 09:53:11,349 [INFO] 🚀 Web server started
2025-11-06 09:56:22,774 [ERROR] DB Error: Could not read machines for scheduling. no such column: sync_schedule
2025-11-06 09:56:22,774 [WARNING] No machines with a schedule found in the database. No jobs scheduled.
2025-11-06 09:56:22,777 [INFO] 📋 All jobs registered: []
2025-11-06 09:56:22,778 [INFO] 🚀 Web server started
2025-11-06 09:58:17,519 [ERROR] DB Error: Could not read machines for scheduling. no such column: sync_schedule
2025-11-06 09:58:17,519 [WARNING] No machines with a schedule found in the database. No jobs scheduled.
2025-11-06 09:58:17,522 [INFO] 📋 All jobs registered: []
2025-11-06 09:58:17,523 [INFO] 🚀 Web server started
2025-11-06 10:04:18,138 [WARNING] No machines with a schedule found in the database. No jobs scheduled.
2025-11-06 10:04:18,142 [INFO] 📋 All jobs registered: []
2025-11-06 10:04:18,142 [INFO] 🚀 Web server started
2025-11-06 10:09:42,743 [INFO] Found 1 machine(s) with schedules.
2025-11-06 10:09:42,748 [INFO] ✓ Scheduled job 'download_logs_1_0' for 'Mesin Absensi TGM & MKI' at cron [hour=10, minute=06]
2025-11-06 10:09:42,749 [INFO] ✓ Scheduled job 'download_logs_1_1' for 'Mesin Absensi TGM & MKI' at cron [hour=18, minute=00]
2025-11-06 10:09:42,751 [INFO] 📋 All jobs registered: [<Job (id=download_logs_1_1 name=partial)>, <Job (id=download_logs_1_0 name=partial)>]
2025-11-06 10:09:42,751 [INFO] 🚀 Web server started
2025-11-06 10:12:33,524 [INFO] Found 1 machine(s) with schedules.
2025-11-06 10:12:33,530 [INFO] ✓ Scheduled job 'download_logs_1_0' for 'Mesin Absensi TGM & MKI' at cron [hour=10, minute=06]
2025-11-06 10:12:33,530 [INFO] ✓ Scheduled job 'download_logs_1_1' for 'Mesin Absensi TGM & MKI' at cron [hour=18, minute=00]
2025-11-06 10:12:33,533 [INFO] 📋 All jobs registered: [<Job (id=download_logs_1_1 name=partial)>, <Job (id=download_logs_1_0 name=partial)>]
2025-11-06 10:12:33,533 [INFO] 🚀 Web server started
2025-11-06 10:15:13,393 [INFO] Found 1 machine(s) with schedules.
2025-11-06 10:15:13,399 [INFO] ✓ Scheduled job 'download_logs_1_0' for 'Mesin Absensi TGM & MKI' at cron [hour=10, minute=14]
2025-11-06 10:15:13,399 [INFO] ✓ Scheduled job 'download_logs_1_1' for 'Mesin Absensi TGM & MKI' at cron [hour=18, minute=00]
2025-11-06 10:15:13,401 [INFO] 📋 All jobs registered: [<Job (id=download_logs_1_1 name=partial)>, <Job (id=download_logs_1_0 name=partial)>]
2025-11-06 10:15:13,402 [INFO] 🚀 Web server started
2025-11-06 10:19:56,032 [INFO] Found 1 machine(s) with schedules.
2025-11-06 10:19:56,038 [ERROR] ✗ Failed to parse schedule for 'Mesin Absensi TGM & MKI' ('10:16;18:00'): The following keyword-only arguments have not been supplied in kwargs: sn. Skipping.
2025-11-06 10:19:56,040 [INFO] 📋 All jobs registered: []
2025-11-06 10:19:56,041 [INFO] 🚀 Web server started
2025-11-06 10:26:38,244 [INFO] Found 1 machine(s) with schedules.
2025-11-06 10:26:38,251 [INFO] ✓ Scheduled job 'download_logs_1_0' for 'Mesin Absensi TGM & MKI' at cron [hour=10, minute=22]
2025-11-06 10:26:38,251 [INFO] ✓ Scheduled job 'download_logs_1_1' for 'Mesin Absensi TGM & MKI' at cron [hour=18, minute=00]
2025-11-06 10:26:38,253 [INFO] 📋 All jobs registered: [<Job (id=download_logs_1_1 name=partial)>, <Job (id=download_logs_1_0 name=partial)>]
2025-11-06 10:26:38,254 [INFO] 🚀 Web server started
2025-11-06 10:33:08,862 [INFO] Found 1 machine(s) with schedules.
2025-11-06 10:33:08,868 [INFO] ✓ Rescheduled job 'download_logs_1_0' for 'Mesin Absensi TGM & MKI' at cron [hour=10, minute=28]
2025-11-06 10:33:08,868 [INFO] ✓ Rescheduled job 'download_logs_1_1' for 'Mesin Absensi TGM & MKI' at cron [hour=18, minute=00]
2025-11-06 10:33:08,870 [INFO] 📋 All jobs registered: [<Job (id=download_logs_1_1 name=partial)>, <Job (id=download_logs_1_0 name=partial)>]
2025-11-06 10:33:08,871 [INFO] 🚀 Web server started
2025-11-06 10:33:25,574 [INFO] ✓ Removed old job 'download_logs_1_0' for 'Mesin Absensi TGM & MKI'.
2025-11-06 10:33:25,575 [INFO] ✓ Removed old job 'download_logs_1_1' for 'Mesin Absensi TGM & MKI'.
2025-11-06 10:33:25,576 [INFO] ✓ Rescheduled job 'download_logs_1_0' for 'Mesin Absensi TGM & MKI' at cron [hour=10, minute=34]
2025-11-06 10:33:25,577 [INFO] ✓ Rescheduled job 'download_logs_1_1' for 'Mesin Absensi TGM & MKI' at cron [hour=18, minute=00]
2025-11-06 10:34:00,001 [INFO] 🕒 Scheduler triggered for 'Mesin Absensi TGM & MKI' (192.168.1.33:4370) at 2025-11-06 10:34:00.001104
2025-11-06 10:36:20,376 [INFO] Found 1 machine(s) with schedules.
2025-11-06 10:36:20,382 [INFO] ✓ Rescheduled job 'download_logs_1_0' for 'Mesin Absensi TGM & MKI' at cron [hour=10, minute=34]
2025-11-06 10:36:20,382 [INFO] ✓ Rescheduled job 'download_logs_1_1' for 'Mesin Absensi TGM & MKI' at cron [hour=18, minute=00]
2025-11-06 10:36:20,385 [INFO] 📋 All jobs registered: [<Job (id=download_logs_1_1 name=partial)>, <Job (id=download_logs_1_0 name=partial)>]
2025-11-06 10:36:20,385 [INFO] 🚀 Web server started
2025-11-06 10:38:10,545 [INFO] Found 1 machine(s) with schedules.
2025-11-06 10:38:10,551 [INFO] ✓ Rescheduled job 'download_logs_1_0' for 'Mesin Absensi TGM & MKI' at cron [hour=10, minute=34]
2025-11-06 10:38:10,552 [INFO] ✓ Rescheduled job 'download_logs_1_1' for 'Mesin Absensi TGM & MKI' at cron [hour=18, minute=00]
2025-11-06 10:38:10,554 [INFO] 📋 All jobs registered: [<Job (id=download_logs_1_1 name=partial)>, <Job (id=download_logs_1_0 name=partial)>]
2025-11-06 10:38:10,554 [INFO] 🚀 Web server started
2025-11-06 10:41:30,245 [INFO] Found 1 machine(s) with schedules.
2025-11-06 10:41:30,255 [INFO] ✓ Rescheduled job 'download_logs_1_0' for 'Mesin Absensi TGM & MKI' at cron [hour=10, minute=34]
2025-11-06 10:41:30,256 [INFO] ✓ Rescheduled job 'download_logs_1_1' for 'Mesin Absensi TGM & MKI' at cron [hour=18, minute=00]
2025-11-06 10:41:30,258 [INFO] 📋 All jobs registered: [<Job (id=download_logs_1_1 name=partial)>, <Job (id=download_logs_1_0 name=partial)>]
2025-11-06 10:41:30,259 [INFO] 🚀 Web server started
2025-11-06 10:43:56,949 [INFO] Found 1 machine(s) with schedules.
2025-11-06 10:43:56,954 [INFO] ✓ Rescheduled job 'download_logs_1_0' for 'Mesin Absensi TGM & MKI' at cron [hour=10, minute=34]
2025-11-06 10:43:56,955 [INFO] ✓ Rescheduled job 'download_logs_1_1' for 'Mesin Absensi TGM & MKI' at cron [hour=18, minute=00]
2025-11-06 10:43:56,957 [INFO] 📋 All jobs registered: [<Job (id=download_logs_1_1 name=partial)>, <Job (id=download_logs_1_0 name=partial)>]
2025-11-06 10:43:56,958 [INFO] 🚀 Web server started
2025-11-06 10:50:13,573 [INFO] Found 1 machine(s) with schedules.
2025-11-06 10:50:13,577 [INFO] ✓ Rescheduled job 'download_logs_1_0' for 'Mesin Absensi TGM & MKI' at cron [hour=10, minute=34]
2025-11-06 10:50:13,577 [INFO] ✓ Rescheduled job 'download_logs_1_1' for 'Mesin Absensi TGM & MKI' at cron [hour=18, minute=00]
2025-11-06 10:50:13,579 [INFO] 📋 All jobs registered: [<Job (id=download_logs_1_1 name=partial)>, <Job (id=download_logs_1_0 name=partial)>]
2025-11-06 10:50:13,579 [INFO] 🚀 Web server started
2025-11-06 10:52:37,542 [INFO] Found 1 machine(s) with schedules.
2025-11-06 10:52:37,546 [INFO] ✓ Rescheduled job 'download_logs_1_0' for 'Mesin Absensi TGM & MKI' at cron [hour=10, minute=34]
2025-11-06 10:52:37,546 [INFO] ✓ Rescheduled job 'download_logs_1_1' for 'Mesin Absensi TGM & MKI' at cron [hour=18, minute=00]
2025-11-06 10:52:37,548 [INFO] 📋 All jobs registered: [<Job (id=download_logs_1_1 name=partial)>, <Job (id=download_logs_1_0 name=partial)>]
2025-11-06 10:52:37,549 [INFO] 🚀 Web server started
2025-11-06 11:43:40,603 [INFO] Found 1 machine(s) with schedules.
2025-11-06 11:43:40,607 [INFO] ✓ Rescheduled job 'download_logs_1_0' for 'Mesin Absensi TGM & MKI' at cron [hour=10, minute=34]
2025-11-06 11:43:40,608 [INFO] ✓ Rescheduled job 'download_logs_1_1' for 'Mesin Absensi TGM & MKI' at cron [hour=18, minute=00]
2025-11-06 11:43:40,610 [INFO] 📋 All jobs registered: [<Job (id=download_logs_1_1 name=partial)>, <Job (id=download_logs_1_0 name=partial)>]
2025-11-06 11:43:40,610 [INFO] 🚀 Web server started
2025-11-06 11:45:36,340 [INFO] Found 1 machine(s) with schedules.
2025-11-06 11:45:36,344 [INFO] ✓ Rescheduled job 'download_logs_1_0' for 'Mesin Absensi TGM & MKI' at cron [hour=10, minute=34]
2025-11-06 11:45:36,345 [INFO] ✓ Rescheduled job 'download_logs_1_1' for 'Mesin Absensi TGM & MKI' at cron [hour=18, minute=00]
2025-11-06 11:45:36,347 [INFO] 📋 All jobs registered: [<Job (id=download_logs_1_1 name=partial)>, <Job (id=download_logs_1_0 name=partial)>]
2025-11-06 11:45:36,347 [INFO] 🚀 Web server started
2025-11-06 11:47:35,878 [INFO] Found 1 machine(s) with schedules.
2025-11-06 11:47:35,882 [INFO] ✓ Rescheduled job 'download_logs_1_0' for 'Mesin Absensi TGM & MKI' at cron [hour=10, minute=34]
2025-11-06 11:47:35,882 [INFO] ✓ Rescheduled job 'download_logs_1_1' for 'Mesin Absensi TGM & MKI' at cron [hour=18, minute=00]
2025-11-06 11:47:35,884 [INFO] 📋 All jobs registered: [<Job (id=download_logs_1_1 name=partial)>, <Job (id=download_logs_1_0 name=partial)>]
2025-11-06 11:47:35,884 [INFO] 🚀 Web server started
2025-11-06 12:25:53,457 [INFO] Found 1 machine(s) with schedules.
2025-11-06 12:25:53,461 [INFO] ✓ Rescheduled job 'download_logs_1_0' for 'Mesin Absensi TGM & MKI' at cron [hour=10, minute=34]
2025-11-06 12:25:53,461 [INFO] ✓ Rescheduled job 'download_logs_1_1' for 'Mesin Absensi TGM & MKI' at cron [hour=18, minute=00]
2025-11-06 12:25:53,463 [INFO] 📋 All jobs registered: [<Job (id=download_logs_1_1 name=partial)>, <Job (id=download_logs_1_0 name=partial)>]
2025-11-06 12:25:53,463 [INFO] 🚀 Web server started
2025-11-06 12:30:15,430 [INFO] Found 1 machine(s) with schedules.
2025-11-06 12:30:15,434 [INFO] ✓ Rescheduled job 'download_logs_1_0' for 'Mesin Absensi TGM & MKI' at cron [hour=10, minute=34]
2025-11-06 12:30:15,435 [INFO] ✓ Rescheduled job 'download_logs_1_1' for 'Mesin Absensi TGM & MKI' at cron [hour=18, minute=00]
2025-11-06 12:30:15,437 [INFO] 📋 All jobs registered: [<Job (id=download_logs_1_1 name=partial)>, <Job (id=download_logs_1_0 name=partial)>]
2025-11-06 12:30:15,437 [INFO] 🚀 Web server started
2025-11-06 12:35:39,113 [INFO] Found 1 machine(s) with schedules.
2025-11-06 12:35:39,117 [INFO] ✓ Rescheduled job 'download_logs_1_0' for 'Mesin Absensi TGM & MKI' at cron [hour=10, minute=34]
2025-11-06 12:35:39,118 [INFO] ✓ Rescheduled job 'download_logs_1_1' for 'Mesin Absensi TGM & MKI' at cron [hour=18, minute=00]
2025-11-06 12:35:39,120 [INFO] 📋 All jobs registered: [<Job (id=download_logs_1_1 name=partial)>, <Job (id=download_logs_1_0 name=partial)>]
2025-11-06 12:35:39,120 [INFO] 🚀 Web server started
2025-11-06 12:44:10,733 [INFO] Found 1 machine(s) with schedules.
2025-11-06 12:44:10,737 [INFO] ✓ Rescheduled job 'download_logs_1_0' for 'Mesin Absensi TGM & MKI' at cron [hour=10, minute=34]
2025-11-06 12:44:10,738 [INFO] ✓ Rescheduled job 'download_logs_1_1' for 'Mesin Absensi TGM & MKI' at cron [hour=18, minute=00]
2025-11-06 12:44:10,740 [INFO] 📋 All jobs registered: [<Job (id=download_logs_1_1 name=partial)>, <Job (id=download_logs_1_0 name=partial)>]
2025-11-06 12:44:10,740 [INFO] 🚀 Web server started
2025-11-06 12:44:59,132 [INFO] Found 1 machine(s) with schedules.
2025-11-06 12:44:59,136 [INFO] ✓ Rescheduled job 'download_logs_1_0' for 'Mesin Absensi TGM & MKI' at cron [hour=10, minute=34]
2025-11-06 12:44:59,136 [INFO] ✓ Rescheduled job 'download_logs_1_1' for 'Mesin Absensi TGM & MKI' at cron [hour=18, minute=00]
2025-11-06 12:44:59,139 [INFO] 📋 All jobs registered: [<Job (id=download_logs_1_1 name=partial)>, <Job (id=download_logs_1_0 name=partial)>]
2025-11-06 12:44:59,139 [INFO] 🚀 Web server started
2025-11-06 12:45:59,741 [INFO] Found 1 machine(s) with schedules.
2025-11-06 12:45:59,746 [INFO] ✓ Rescheduled job 'download_logs_1_0' for 'Mesin Absensi TGM & MKI' at cron [hour=10, minute=34]
2025-11-06 12:45:59,747 [INFO] ✓ Rescheduled job 'download_logs_1_1' for 'Mesin Absensi TGM & MKI' at cron [hour=18, minute=00]
2025-11-06 12:45:59,749 [INFO] 📋 All jobs registered: [<Job (id=download_logs_1_1 name=partial)>, <Job (id=download_logs_1_0 name=partial)>]
2025-11-06 12:45:59,749 [INFO] 🚀 Web server started
2025-11-06 12:47:14,454 [INFO] Found 1 machine(s) with schedules.
2025-11-06 12:47:14,458 [INFO] ✓ Rescheduled job 'download_logs_1_0' for 'Mesin Absensi TGM & MKI' at cron [hour=10, minute=34]
2025-11-06 12:47:14,459 [INFO] ✓ Rescheduled job 'download_logs_1_1' for 'Mesin Absensi TGM & MKI' at cron [hour=18, minute=00]
2025-11-06 12:47:14,461 [INFO] 📋 All jobs registered: [<Job (id=download_logs_1_1 name=partial)>, <Job (id=download_logs_1_0 name=partial)>]
2025-11-06 12:47:14,461 [INFO] 🚀 Web server started
2025-11-06 12:47:39,912 [INFO] Found 1 machine(s) with schedules.
2025-11-06 12:47:39,916 [INFO] ✓ Rescheduled job 'download_logs_1_0' for 'Mesin Absensi TGM & MKI' at cron [hour=10, minute=34]
2025-11-06 12:47:39,917 [INFO] ✓ Rescheduled job 'download_logs_1_1' for 'Mesin Absensi TGM & MKI' at cron [hour=18, minute=00]
2025-11-06 12:47:39,919 [INFO] 📋 All jobs registered: [<Job (id=download_logs_1_1 name=partial)>, <Job (id=download_logs_1_0 name=partial)>]
2025-11-06 12:47:39,919 [INFO] 🚀 Web server started
2025-11-06 12:48:28,522 [INFO] Found 1 machine(s) with schedules.
2025-11-06 12:48:28,526 [INFO] ✓ Rescheduled job 'download_logs_1_0' for 'Mesin Absensi TGM & MKI' at cron [hour=10, minute=34]
2025-11-06 12:48:28,526 [INFO] ✓ Rescheduled job 'download_logs_1_1' for 'Mesin Absensi TGM & MKI' at cron [hour=18, minute=00]
2025-11-06 12:48:28,528 [INFO] 📋 All jobs registered: [<Job (id=download_logs_1_1 name=partial)>, <Job (id=download_logs_1_0 name=partial)>]
2025-11-06 12:48:28,529 [INFO] 🚀 Web server started
2025-11-06 13:06:33,484 [INFO] Found 1 machine(s) with schedules.
2025-11-06 13:06:33,488 [INFO] ✓ Rescheduled job 'download_logs_1_0' for 'Mesin Absensi TGM & MKI' at cron [hour=10, minute=34]
2025-11-06 13:06:33,489 [INFO] ✓ Rescheduled job 'download_logs_1_1' for 'Mesin Absensi TGM & MKI' at cron [hour=18, minute=00]
2025-11-06 13:06:33,491 [INFO] 📋 All jobs registered: [<Job (id=download_logs_1_1 name=partial)>, <Job (id=download_logs_1_0 name=partial)>]
2025-11-06 13:06:33,491 [INFO] 🚀 Web server started
2025-11-06 13:13:31,525 [INFO] Found 1 machine(s) with schedules.
2025-11-06 13:13:31,530 [INFO] ✓ Rescheduled job 'download_logs_1_0' for 'Mesin Absensi TGM & MKI' at cron [hour=10, minute=34]
2025-11-06 13:13:31,530 [INFO] ✓ Rescheduled job 'download_logs_1_1' for 'Mesin Absensi TGM & MKI' at cron [hour=18, minute=00]
2025-11-06 13:13:31,533 [INFO] 📋 All jobs registered: [<Job (id=download_logs_1_1 name=partial)>, <Job (id=download_logs_1_0 name=partial)>]
2025-11-06 13:13:31,533 [INFO] 🚀 Web server started
2025-11-06 13:21:05,340 [INFO] Found 1 machine(s) with schedules.
2025-11-06 13:21:05,344 [INFO] ✓ Rescheduled job 'download_logs_1_0' for 'Mesin Absensi TGM & MKI' at cron [hour=10, minute=34]
2025-11-06 13:21:05,345 [INFO] ✓ Rescheduled job 'download_logs_1_1' for 'Mesin Absensi TGM & MKI' at cron [hour=18, minute=00]
2025-11-06 13:21:05,347 [INFO] 📋 All jobs registered: [<Job (id=download_logs_1_1 name=partial)>, <Job (id=download_logs_1_0 name=partial)>]
2025-11-06 13:21:05,347 [INFO] 🚀 Web server started
2025-11-06 13:27:37,625 [INFO] Found 1 machine(s) with schedules.
2025-11-06 13:27:37,629 [INFO] ✓ Rescheduled job 'download_logs_1_0' for 'Mesin Absensi TGM & MKI' at cron [hour=10, minute=34]
2025-11-06 13:27:37,630 [INFO] ✓ Rescheduled job 'download_logs_1_1' for 'Mesin Absensi TGM & MKI' at cron [hour=18, minute=00]
2025-11-06 13:27:37,632 [INFO] 📋 All jobs registered: [<Job (id=download_logs_1_1 name=partial)>, <Job (id=download_logs_1_0 name=partial)>]
2025-11-06 13:27:37,633 [INFO] 🚀 Web server started
2025-11-06 13:31:57,903 [INFO] Found 1 machine(s) with schedules.
2025-11-06 13:31:57,907 [INFO] ✓ Rescheduled job 'download_logs_1_0' for 'Mesin Absensi TGM & MKI' at cron [hour=10, minute=34]
2025-11-06 13:31:57,908 [INFO] ✓ Rescheduled job 'download_logs_1_1' for 'Mesin Absensi TGM & MKI' at cron [hour=18, minute=00]
2025-11-06 13:31:57,910 [INFO] 📋 All jobs registered: [<Job (id=download_logs_1_1 name=partial)>, <Job (id=download_logs_1_0 name=partial)>]
2025-11-06 13:31:57,910 [INFO] 🚀 Web server started
2025-11-06 13:35:10,383 [INFO] Found 1 machine(s) with schedules.
2025-11-06 13:35:10,387 [INFO] ✓ Rescheduled job 'download_logs_1_0' for 'Mesin Absensi TGM & MKI' at cron [hour=10, minute=34]
2025-11-06 13:35:10,387 [INFO] ✓ Rescheduled job 'download_logs_1_1' for 'Mesin Absensi TGM & MKI' at cron [hour=18, minute=00]
2025-11-06 13:35:10,389 [INFO] 📋 All jobs registered: [<Job (id=download_logs_1_1 name=partial)>, <Job (id=download_logs_1_0 name=partial)>]
2025-11-06 13:35:10,389 [INFO] 🚀 Web server started
2025-11-06 13:35:56,434 [INFO] Found 1 machine(s) with schedules.
2025-11-06 13:35:56,439 [INFO] ✓ Rescheduled job 'download_logs_1_0' for 'Mesin Absensi TGM & MKI' at cron [hour=10, minute=34]
2025-11-06 13:35:56,440 [INFO] ✓ Rescheduled job 'download_logs_1_1' for 'Mesin Absensi TGM & MKI' at cron [hour=18, minute=00]
2025-11-06 13:35:56,442 [INFO] 📋 All jobs registered: [<Job (id=download_logs_1_1 name=partial)>, <Job (id=download_logs_1_0 name=partial)>]
2025-11-06 13:35:56,442 [INFO] 🚀 Web server started
2025-11-06 13:36:48,896 [INFO] Found 1 machine(s) with schedules.
2025-11-06 13:36:48,900 [INFO] ✓ Rescheduled job 'download_logs_1_0' for 'Mesin Absensi TGM & MKI' at cron [hour=10, minute=34]
2025-11-06 13:36:48,901 [INFO] ✓ Rescheduled job 'download_logs_1_1' for 'Mesin Absensi TGM & MKI' at cron [hour=18, minute=00]
2025-11-06 13:36:48,903 [INFO] 📋 All jobs registered: [<Job (id=download_logs_1_1 name=partial)>, <Job (id=download_logs_1_0 name=partial)>]
2025-11-06 13:36:48,903 [INFO] 🚀 Web server started
2025-11-06 13:37:22,582 [INFO] Found 1 machine(s) with schedules.
2025-11-06 13:37:22,586 [INFO] ✓ Rescheduled job 'download_logs_1_0' for 'Mesin Absensi TGM & MKI' at cron [hour=10, minute=34]
2025-11-06 13:37:22,587 [INFO] ✓ Rescheduled job 'download_logs_1_1' for 'Mesin Absensi TGM & MKI' at cron [hour=18, minute=00]
2025-11-06 13:37:22,589 [INFO] 📋 All jobs registered: [<Job (id=download_logs_1_1 name=partial)>, <Job (id=download_logs_1_0 name=partial)>]
2025-11-06 13:37:22,589 [INFO] 🚀 Web server started
2025-11-06 13:37:57,777 [INFO] Found 1 machine(s) with schedules.
2025-11-06 13:37:57,783 [INFO] ✓ Rescheduled job 'download_logs_1_0' for 'Mesin Absensi TGM & MKI' at cron [hour=10, minute=34]
2025-11-06 13:37:57,783 [INFO] ✓ Rescheduled job 'download_logs_1_1' for 'Mesin Absensi TGM & MKI' at cron [hour=18, minute=00]
2025-11-06 13:37:57,786 [INFO] 📋 All jobs registered: [<Job (id=download_logs_1_1 name=partial)>, <Job (id=download_logs_1_0 name=partial)>]
2025-11-06 13:37:57,786 [INFO] 🚀 Web server started
2025-11-06 13:38:31,718 [INFO] Found 1 machine(s) with schedules.
2025-11-06 13:38:31,722 [INFO] ✓ Rescheduled job 'download_logs_1_0' for 'Mesin Absensi TGM & MKI' at cron [hour=10, minute=34]
2025-11-06 13:38:31,722 [INFO] ✓ Rescheduled job 'download_logs_1_1' for 'Mesin Absensi TGM & MKI' at cron [hour=18, minute=00]
2025-11-06 13:38:31,724 [INFO] 📋 All jobs registered: [<Job (id=download_logs_1_1 name=partial)>, <Job (id=download_logs_1_0 name=partial)>]
2025-11-06 13:38:31,725 [INFO] 🚀 Web server started
2025-11-06 13:44:51,882 [INFO] Found 1 machine(s) with schedules.
2025-11-06 13:44:51,887 [INFO] ✓ Rescheduled job 'download_logs_1_0' for 'Mesin Absensi TGM & MKI' at cron [hour=10, minute=34]
2025-11-06 13:44:51,888 [INFO] ✓ Rescheduled job 'download_logs_1_1' for 'Mesin Absensi TGM & MKI' at cron [hour=18, minute=00]
2025-11-06 13:44:51,890 [INFO] 📋 All jobs registered: [<Job (id=download_logs_1_1 name=partial)>, <Job (id=download_logs_1_0 name=partial)>]
2025-11-06 13:44:51,890 [INFO] 🚀 Web server started
2025-11-06 14:01:18,775 [INFO] Found 1 machine(s) with schedules.
2025-11-06 14:01:18,779 [INFO] ✓ Rescheduled job 'download_logs_1_0' for 'Mesin Absensi TGM & MKI' at cron [hour=10, minute=34]
2025-11-06 14:01:18,780 [INFO] ✓ Rescheduled job 'download_logs_1_1' for 'Mesin Absensi TGM & MKI' at cron [hour=18, minute=00]
2025-11-06 14:01:18,782 [INFO] 📋 All jobs registered: [<Job (id=download_logs_1_1 name=partial)>, <Job (id=download_logs_1_0 name=partial)>]
2025-11-06 14:01:18,782 [INFO] 🚀 Web server started
2025-11-06 14:03:20,547 [INFO] Found 1 machine(s) with schedules.
2025-11-06 14:03:20,552 [INFO] ✓ Rescheduled job 'download_logs_1_0' for 'Mesin Absensi TGM & MKI' at cron [hour=10, minute=34]
2025-11-06 14:03:20,552 [INFO] ✓ Rescheduled job 'download_logs_1_1' for 'Mesin Absensi TGM & MKI' at cron [hour=18, minute=00]
2025-11-06 14:03:20,554 [INFO] 📋 All jobs registered: [<Job (id=download_logs_1_1 name=partial)>, <Job (id=download_logs_1_0 name=partial)>]
2025-11-06 14:03:20,554 [INFO] 🚀 Web server started
2025-11-06 14:09:42,576 [INFO] Found 1 machine(s) with schedules.
2025-11-06 14:09:42,580 [INFO] ✓ Rescheduled job 'download_logs_1_0' for 'Mesin Absensi TGM & MKI' at cron [hour=10, minute=34]
2025-11-06 14:09:42,581 [INFO] ✓ Rescheduled job 'download_logs_1_1' for 'Mesin Absensi TGM & MKI' at cron [hour=18, minute=00]
2025-11-06 14:09:42,583 [INFO] 📋 All jobs registered: [<Job (id=download_logs_1_1 name=partial)>, <Job (id=download_logs_1_0 name=partial)>]
2025-11-06 14:09:42,583 [INFO] 🚀 Web server started
2025-11-06 14:17:15,054 [INFO] Found 1 machine(s) with schedules.
2025-11-06 14:17:15,058 [INFO] ✓ Rescheduled job 'download_logs_1_0' for 'Mesin Absensi TGM & MKI' at cron [hour=10, minute=34]
2025-11-06 14:17:15,058 [INFO] ✓ Rescheduled job 'download_logs_1_1' for 'Mesin Absensi TGM & MKI' at cron [hour=18, minute=00]
2025-11-06 14:17:15,060 [INFO] 📋 All jobs registered: [<Job (id=download_logs_1_1 name=partial)>, <Job (id=download_logs_1_0 name=partial)>]
2025-11-06 14:17:15,060 [INFO] 🚀 Web server started
2025-11-06 14:18:49,974 [INFO] Found 1 machine(s) with schedules.
2025-11-06 14:18:49,978 [INFO] ✓ Rescheduled job 'download_logs_1_0' for 'Mesin Absensi TGM & MKI' at cron [hour=10, minute=34]
2025-11-06 14:18:49,979 [INFO] ✓ Rescheduled job 'download_logs_1_1' for 'Mesin Absensi TGM & MKI' at cron [hour=18, minute=00]
2025-11-06 14:18:49,981 [INFO] 📋 All jobs registered: [<Job (id=download_logs_1_1 name=partial)>, <Job (id=download_logs_1_0 name=partial)>]
2025-11-06 14:18:49,981 [INFO] 🚀 Web server started
2025-11-06 14:22:04,679 [INFO] Found 1 machine(s) with schedules.
2025-11-06 14:22:04,683 [INFO] ✓ Rescheduled job 'download_logs_1_0' for 'Mesin Absensi TGM & MKI' at cron [hour=10, minute=34]
2025-11-06 14:22:04,684 [INFO] ✓ Rescheduled job 'download_logs_1_1' for 'Mesin Absensi TGM & MKI' at cron [hour=18, minute=00]
2025-11-06 14:22:04,686 [INFO] 📋 All jobs registered: [<Job (id=download_logs_1_1 name=partial)>, <Job (id=download_logs_1_0 name=partial)>]
2025-11-06 14:22:04,686 [INFO] 🚀 Web server started
2025-11-06 14:25:38,067 [INFO] Found 1 machine(s) with schedules.
2025-11-06 14:25:38,071 [INFO] ✓ Rescheduled job 'download_logs_1_0' for 'Mesin Absensi TGM & MKI' at cron [hour=10, minute=34]
2025-11-06 14:25:38,071 [INFO] ✓ Rescheduled job 'download_logs_1_1' for 'Mesin Absensi TGM & MKI' at cron [hour=18, minute=00]
2025-11-06 14:25:38,073 [INFO] 📋 All jobs registered: [<Job (id=download_logs_1_1 name=partial)>, <Job (id=download_logs_1_0 name=partial)>]
2025-11-06 14:25:38,073 [INFO] 🚀 Web server started
2025-11-06 14:26:24,056 [INFO] Found 1 machine(s) with schedules.
2025-11-06 14:26:24,060 [INFO] ✓ Rescheduled job 'download_logs_1_0' for 'Mesin Absensi TGM & MKI' at cron [hour=10, minute=34]
2025-11-06 14:26:24,061 [INFO] ✓ Rescheduled job 'download_logs_1_1' for 'Mesin Absensi TGM & MKI' at cron [hour=18, minute=00]
2025-11-06 14:26:24,063 [INFO] 📋 All jobs registered: [<Job (id=download_logs_1_1 name=partial)>, <Job (id=download_logs_1_0 name=partial)>]
2025-11-06 14:26:24,063 [INFO] 🚀 Web server started
2025-11-06 14:29:20,703 [INFO] Found 1 machine(s) with schedules.
2025-11-06 14:29:20,707 [INFO] ✓ Rescheduled job 'download_logs_1_0' for 'Mesin Absensi TGM & MKI' at cron [hour=10, minute=34]
2025-11-06 14:29:20,708 [INFO] ✓ Rescheduled job 'download_logs_1_1' for 'Mesin Absensi TGM & MKI' at cron [hour=18, minute=00]
2025-11-06 14:29:20,710 [INFO] 📋 All jobs registered: [<Job (id=download_logs_1_1 name=partial)>, <Job (id=download_logs_1_0 name=partial)>]
2025-11-06 14:29:20,710 [INFO] 🚀 Web server started
2025-11-06 14:32:55,645 [INFO] Found 1 machine(s) with schedules.
2025-11-06 14:32:55,649 [INFO] ✓ Rescheduled job 'download_logs_1_0' for 'Mesin Absensi TGM & MKI' at cron [hour=10, minute=34]
2025-11-06 14:32:55,650 [INFO] ✓ Rescheduled job 'download_logs_1_1' for 'Mesin Absensi TGM & MKI' at cron [hour=18, minute=00]
2025-11-06 14:32:55,652 [INFO] 📋 All jobs registered: [<Job (id=download_logs_1_1 name=partial)>, <Job (id=download_logs_1_0 name=partial)>]
2025-11-06 14:32:55,652 [INFO] 🚀 Web server started
2025-11-06 14:36:12,779 [INFO] Found 1 machine(s) with schedules.
2025-11-06 14:36:12,783 [INFO] ✓ Rescheduled job 'download_logs_1_0' for 'Mesin Absensi TGM & MKI' at cron [hour=10, minute=34]
2025-11-06 14:36:12,784 [INFO] ✓ Rescheduled job 'download_logs_1_1' for 'Mesin Absensi TGM & MKI' at cron [hour=18, minute=00]
2025-11-06 14:36:12,785 [INFO] 📋 All jobs registered: [<Job (id=download_logs_1_1 name=partial)>, <Job (id=download_logs_1_0 name=partial)>]
2025-11-06 14:36:12,785 [INFO] 🚀 Web server started
2025-11-06 14:43:38,275 [INFO] Found 1 machine(s) with schedules.
2025-11-06 14:43:38,280 [INFO] ✓ Rescheduled job 'download_logs_1_0' for 'Mesin Absensi TGM & MKI' at cron [hour=10, minute=34]
2025-11-06 14:43:38,281 [INFO] ✓ Rescheduled job 'download_logs_1_1' for 'Mesin Absensi TGM & MKI' at cron [hour=18, minute=00]
2025-11-06 14:43:38,283 [INFO] 📋 All jobs registered: [<Job (id=download_logs_1_1 name=partial)>, <Job (id=download_logs_1_0 name=partial)>]
2025-11-06 14:43:38,284 [INFO] 🚀 Web server started
2025-11-06 14:45:38,048 [INFO] Found 1 machine(s) with schedules.
2025-11-06 14:45:38,052 [INFO] ✓ Rescheduled job 'download_logs_1_0' for 'Mesin Absensi TGM & MKI' at cron [hour=10, minute=34]
2025-11-06 14:45:38,053 [INFO] ✓ Rescheduled job 'download_logs_1_1' for 'Mesin Absensi TGM & MKI' at cron [hour=18, minute=00]
2025-11-06 14:45:38,055 [INFO] 📋 All jobs registered: [<Job (id=download_logs_1_1 name=partial)>, <Job (id=download_logs_1_0 name=partial)>]
2025-11-06 14:45:38,056 [INFO] 🚀 Web server started
2025-11-06 14:57:13,490 [INFO] Found 1 machine(s) with schedules.
2025-11-06 14:57:13,494 [INFO] ✓ Rescheduled job 'download_logs_1_0' for 'Mesin Absensi TGM & MKI' at cron [hour=10, minute=34]
2025-11-06 14:57:13,494 [INFO] ✓ Rescheduled job 'download_logs_1_1' for 'Mesin Absensi TGM & MKI' at cron [hour=18, minute=00]
2025-11-06 14:57:13,496 [INFO] 📋 All jobs registered: [<Job (id=download_logs_1_1 name=partial)>, <Job (id=download_logs_1_0 name=partial)>]
2025-11-06 14:57:13,496 [INFO] 🚀 Web server started
2025-11-06 14:58:15,858 [INFO] Found 1 machine(s) with schedules.
2025-11-06 14:58:15,862 [INFO] ✓ Rescheduled job 'download_logs_1_0' for 'Mesin Absensi TGM & MKI' at cron [hour=10, minute=34]
2025-11-06 14:58:15,863 [INFO] ✓ Rescheduled job 'download_logs_1_1' for 'Mesin Absensi TGM & MKI' at cron [hour=18, minute=00]
2025-11-06 14:58:15,865 [INFO] 📋 All jobs registered: [<Job (id=download_logs_1_1 name=partial)>, <Job (id=download_logs_1_0 name=partial)>]
2025-11-06 14:58:15,865 [INFO] 🚀 Web server started
2025-11-06 14:59:09,240 [INFO] Found 1 machine(s) with schedules.
2025-11-06 14:59:09,244 [INFO] ✓ Rescheduled job 'download_logs_1_0' for 'Mesin Absensi TGM & MKI' at cron [hour=10, minute=34]
2025-11-06 14:59:09,245 [INFO] ✓ Rescheduled job 'download_logs_1_1' for 'Mesin Absensi TGM & MKI' at cron [hour=18, minute=00]
2025-11-06 14:59:09,247 [INFO] 📋 All jobs registered: [<Job (id=download_logs_1_1 name=partial)>, <Job (id=download_logs_1_0 name=partial)>]
2025-11-06 14:59:09,247 [INFO] 🚀 Web server started
2025-11-06 15:00:11,774 [INFO] Found 1 machine(s) with schedules.
2025-11-06 15:00:11,778 [INFO] ✓ Rescheduled job 'download_logs_1_0' for 'Mesin Absensi TGM & MKI' at cron [hour=10, minute=34]
2025-11-06 15:00:11,779 [INFO] ✓ Rescheduled job 'download_logs_1_1' for 'Mesin Absensi TGM & MKI' at cron [hour=18, minute=00]
2025-11-06 15:00:11,781 [INFO] 📋 All jobs registered: [<Job (id=download_logs_1_1 name=partial)>, <Job (id=download_logs_1_0 name=partial)>]
2025-11-06 15:00:11,781 [INFO] 🚀 Web server started
2025-11-06 15:02:30,325 [INFO] Found 1 machine(s) with schedules.
2025-11-06 15:02:30,329 [INFO] ✓ Rescheduled job 'download_logs_1_0' for 'Mesin Absensi TGM & MKI' at cron [hour=10, minute=34]
2025-11-06 15:02:30,330 [INFO] ✓ Rescheduled job 'download_logs_1_1' for 'Mesin Absensi TGM & MKI' at cron [hour=18, minute=00]
2025-11-06 15:02:30,332 [INFO] 📋 All jobs registered: [<Job (id=download_logs_1_1 name=partial)>, <Job (id=download_logs_1_0 name=partial)>]
2025-11-06 15:02:30,332 [INFO] 🚀 Web server started
2025-11-06 15:08:33,461 [INFO] Found 1 machine(s) with schedules.
2025-11-06 15:08:33,465 [INFO] ✓ Rescheduled job 'download_logs_1_0' for 'Mesin Absensi TGM & MKI' at cron [hour=10, minute=34]
2025-11-06 15:08:33,466 [INFO] ✓ Rescheduled job 'download_logs_1_1' for 'Mesin Absensi TGM & MKI' at cron [hour=18, minute=00]
2025-11-06 15:08:33,469 [INFO] 📋 All jobs registered: [<Job (id=download_logs_1_1 name=partial)>, <Job (id=download_logs_1_0 name=partial)>]
2025-11-06 15:08:33,469 [INFO] 🚀 Web server started
2025-11-06 15:11:06,749 [INFO] Found 1 machine(s) with schedules.
2025-11-06 15:11:06,753 [INFO] ✓ Rescheduled job 'download_logs_1_0' for 'Mesin Absensi TGM & MKI' at cron [hour=10, minute=34]
2025-11-06 15:11:06,753 [INFO] ✓ Rescheduled job 'download_logs_1_1' for 'Mesin Absensi TGM & MKI' at cron [hour=18, minute=00]
2025-11-06 15:11:06,755 [INFO] 📋 All jobs registered: [<Job (id=download_logs_1_1 name=partial)>, <Job (id=download_logs_1_0 name=partial)>]
2025-11-06 15:11:06,755 [INFO] 🚀 Web server started
2025-11-06 15:13:14,210 [INFO] Found 1 machine(s) with schedules.
2025-11-06 15:13:14,216 [INFO] ✓ Rescheduled job 'download_logs_1_0' for 'Mesin Absensi TGM & MKI' at cron [hour=10, minute=34]
2025-11-06 15:13:14,217 [INFO] ✓ Rescheduled job 'download_logs_1_1' for 'Mesin Absensi TGM & MKI' at cron [hour=18, minute=00]
2025-11-06 15:13:14,220 [INFO] 📋 All jobs registered: [<Job (id=download_logs_1_1 name=partial)>, <Job (id=download_logs_1_0 name=partial)>]
2025-11-06 15:13:14,220 [INFO] 🚀 Web server started
2025-11-06 15:26:45,565 [INFO] Found 1 machine(s) with schedules.
2025-11-06 15:26:45,576 [INFO] ✓ Rescheduled job 'download_logs_1_0' for 'Mesin Absensi TGM & MKI' at cron [hour=10, minute=34]
2025-11-06 15:26:45,578 [INFO] ✓ Rescheduled job 'download_logs_1_1' for 'Mesin Absensi TGM & MKI' at cron [hour=18, minute=00]
2025-11-06 15:26:45,582 [INFO] 📋 All jobs registered: [<Job (id=download_logs_1_1 name=partial)>, <Job (id=download_logs_1_0 name=partial)>]
2025-11-06 15:26:45,586 [INFO] 🚀 Web server started
2025-11-06 15:31:30,773 [INFO] Found 1 machine(s) with schedules.
2025-11-06 15:31:30,800 [INFO] ✓ Rescheduled job 'download_logs_1_0' for 'Mesin Absensi TGM & MKI' at cron [hour=10, minute=34]
2025-11-06 15:31:30,803 [INFO] ✓ Rescheduled job 'download_logs_1_1' for 'Mesin Absensi TGM & MKI' at cron [hour=18, minute=00]
2025-11-06 15:31:30,812 [INFO] 📋 All jobs registered: [<Job (id=download_logs_1_1 name=partial)>, <Job (id=download_logs_1_0 name=partial)>]
2025-11-06 15:31:30,817 [INFO] 🚀 Web server started
2025-11-06 18:00:00,004 [INFO] 🕒 Scheduler triggered for 'Mesin Absensi TGM & MKI' (192.168.1.33:4370) at 2025-11-06 18:00:00.004111
2025-11-07 10:34:00,004 [INFO] 🕒 Scheduler triggered for 'Mesin Absensi TGM & MKI' (192.168.1.33:4370) at 2025-11-07 10:34:00.003928
2025-11-07 14:57:17,345 [INFO] ✓ Removed old job 'download_logs_1_0' for 'Mesin Absensi TGM & MKI'.
2025-11-07 14:57:17,346 [INFO] ✓ Removed old job 'download_logs_1_1' for 'Mesin Absensi TGM & MKI'.
2025-11-07 14:57:17,349 [INFO] ✓ Rescheduled job 'download_logs_1_0' for 'Mesin Absensi TGM & MKI' at cron [hour=06, minute=00]
2025-11-07 14:57:17,352 [INFO] ✓ Rescheduled job 'download_logs_1_1' for 'Mesin Absensi TGM & MKI' at cron [hour=12, minute=00]
2025-11-07 14:57:17,354 [INFO] ✓ Rescheduled job 'download_logs_1_2' for 'Mesin Absensi TGM & MKI' at cron [hour=15, minute=00]
2025-11-07 14:57:17,357 [INFO] ✓ Rescheduled job 'download_logs_1_3' for 'Mesin Absensi TGM & MKI' at cron [hour=18, minute=00]
2025-11-07 15:00:00,002 [INFO] 🕒 Scheduler triggered for 'Mesin Absensi TGM & MKI' (192.168.1.33:4370) at 2025-11-07 15:00:00.002221
2025-11-07 18:00:00,003 [INFO] 🕒 Scheduler triggered for 'Mesin Absensi TGM & MKI' (192.168.1.33:4370) at 2025-11-07 18:00:00.003281
2025-11-08 06:00:00,003 [INFO] 🕒 Scheduler triggered for 'Mesin Absensi TGM & MKI' (192.168.1.33:4370) at 2025-11-08 06:00:00.003341
2025-11-08 12:00:00,003 [INFO] 🕒 Scheduler triggered for 'Mesin Absensi TGM & MKI' (192.168.1.33:4370) at 2025-11-08 12:00:00.003511
2025-11-08 15:00:00,002 [INFO] 🕒 Scheduler triggered for 'Mesin Absensi TGM & MKI' (192.168.1.33:4370) at 2025-11-08 15:00:00.002350
2025-11-08 18:00:00,003 [INFO] 🕒 Scheduler triggered for 'Mesin Absensi TGM & MKI' (192.168.1.33:4370) at 2025-11-08 18:00:00.003492
2025-11-09 06:00:00,003 [INFO] 🕒 Scheduler triggered for 'Mesin Absensi TGM & MKI' (192.168.1.33:4370) at 2025-11-09 06:00:00.003715
2025-11-09 12:00:00,003 [INFO] 🕒 Scheduler triggered for 'Mesin Absensi TGM & MKI' (192.168.1.33:4370) at 2025-11-09 12:00:00.003608
2025-11-09 15:00:00,003 [INFO] 🕒 Scheduler triggered for 'Mesin Absensi TGM & MKI' (192.168.1.33:4370) at 2025-11-09 15:00:00.003317
2025-11-09 18:00:00,003 [INFO] 🕒 Scheduler triggered for 'Mesin Absensi TGM & MKI' (192.168.1.33:4370) at 2025-11-09 18:00:00.003369
2025-11-10 06:00:00,003 [INFO] 🕒 Scheduler triggered for 'Mesin Absensi TGM & MKI' (192.168.1.33:4370) at 2025-11-10 06:00:00.003750
2025-11-10 12:00:00,003 [INFO] 🕒 Scheduler triggered for 'Mesin Absensi TGM & MKI' (192.168.1.33:4370) at 2025-11-10 12:00:00.003548
2025-11-10 15:00:00,003 [INFO] 🕒 Scheduler triggered for 'Mesin Absensi TGM & MKI' (192.168.1.33:4370) at 2025-11-10 15:00:00.003774
2025-11-10 18:00:00,003 [INFO] 🕒 Scheduler triggered for 'Mesin Absensi TGM & MKI' (192.168.1.33:4370) at 2025-11-10 18:00:00.003323
2025-11-11 06:00:00,003 [INFO] 🕒 Scheduler triggered for 'Mesin Absensi TGM & MKI' (192.168.1.33:4370) at 2025-11-11 06:00:00.003625
2025-11-11 12:00:00,003 [INFO] 🕒 Scheduler triggered for 'Mesin Absensi TGM & MKI' (192.168.1.33:4370) at 2025-11-11 12:00:00.003335
2025-11-11 15:00:00,003 [INFO] 🕒 Scheduler triggered for 'Mesin Absensi TGM & MKI' (192.168.1.33:4370) at 2025-11-11 15:00:00.003495
2025-11-11 18:00:00,003 [INFO] 🕒 Scheduler triggered for 'Mesin Absensi TGM & MKI' (192.168.1.33:4370) at 2025-11-11 18:00:00.003348
2025-11-12 06:00:00,003 [INFO] 🕒 Scheduler triggered for 'Mesin Absensi TGM & MKI' (192.168.1.33:4370) at 2025-11-12 06:00:00.003564
2025-11-12 12:00:00,003 [INFO] 🕒 Scheduler triggered for 'Mesin Absensi TGM & MKI' (192.168.1.33:4370) at 2025-11-12 12:00:00.003399
2025-11-12 15:00:00,003 [INFO] 🕒 Scheduler triggered for 'Mesin Absensi TGM & MKI' (192.168.1.33:4370) at 2025-11-12 15:00:00.003317
2025-11-12 18:00:00,003 [INFO] 🕒 Scheduler triggered for 'Mesin Absensi TGM & MKI' (192.168.1.33:4370) at 2025-11-12 18:00:00.003591
2025-11-13 06:00:00,003 [INFO] 🕒 Scheduler triggered for 'Mesin Absensi TGM & MKI' (192.168.1.33:4370) at 2025-11-13 06:00:00.003320
2025-11-13 12:00:00,003 [INFO] 🕒 Scheduler triggered for 'Mesin Absensi TGM & MKI' (192.168.1.33:4370) at 2025-11-13 12:00:00.003334
2025-11-13 15:00:00,003 [INFO] 🕒 Scheduler triggered for 'Mesin Absensi TGM & MKI' (192.168.1.33:4370) at 2025-11-13 15:00:00.003558
2025-11-13 18:00:00,003 [INFO] 🕒 Scheduler triggered for 'Mesin Absensi TGM & MKI' (192.168.1.33:4370) at 2025-11-13 18:00:00.003616
2025-11-14 06:00:00,003 [INFO] 🕒 Scheduler triggered for 'Mesin Absensi TGM & MKI' (192.168.1.33:4370) at 2025-11-14 06:00:00.003692
2025-11-14 12:00:00,003 [INFO] 🕒 Scheduler triggered for 'Mesin Absensi TGM & MKI' (192.168.1.33:4370) at 2025-11-14 12:00:00.003284
2025-11-14 15:00:00,003 [INFO] 🕒 Scheduler triggered for 'Mesin Absensi TGM & MKI' (192.168.1.33:4370) at 2025-11-14 15:00:00.003580
2025-11-14 18:00:00,003 [INFO] 🕒 Scheduler triggered for 'Mesin Absensi TGM & MKI' (192.168.1.33:4370) at 2025-11-14 18:00:00.003655
2025-11-15 06:00:00,003 [INFO] 🕒 Scheduler triggered for 'Mesin Absensi TGM & MKI' (192.168.1.33:4370) at 2025-11-15 06:00:00.003373
2025-11-15 12:00:00,003 [INFO] 🕒 Scheduler triggered for 'Mesin Absensi TGM & MKI' (192.168.1.33:4370) at 2025-11-15 12:00:00.003607
2025-11-15 15:00:00,002 [INFO] 🕒 Scheduler triggered for 'Mesin Absensi TGM & MKI' (192.168.1.33:4370) at 2025-11-15 15:00:00.002343
2025-11-15 18:00:00,003 [INFO] 🕒 Scheduler triggered for 'Mesin Absensi TGM & MKI' (192.168.1.33:4370) at 2025-11-15 18:00:00.003515
2025-11-16 06:00:00,003 [INFO] 🕒 Scheduler triggered for 'Mesin Absensi TGM & MKI' (192.168.1.33:4370) at 2025-11-16 06:00:00.003613
2025-11-16 12:00:00,003 [INFO] 🕒 Scheduler triggered for 'Mesin Absensi TGM & MKI' (192.168.1.33:4370) at 2025-11-16 12:00:00.003664
2025-11-16 15:00:00,003 [INFO] 🕒 Scheduler triggered for 'Mesin Absensi TGM & MKI' (192.168.1.33:4370) at 2025-11-16 15:00:00.003563
2025-11-16 18:00:00,003 [INFO] 🕒 Scheduler triggered for 'Mesin Absensi TGM & MKI' (192.168.1.33:4370) at 2025-11-16 18:00:00.003267
2025-11-17 06:00:00,002 [INFO] 🕒 Scheduler triggered for 'Mesin Absensi TGM & MKI' (192.168.1.33:4370) at 2025-11-17 06:00:00.002232
2025-11-17 12:00:00,003 [INFO] 🕒 Scheduler triggered for 'Mesin Absensi TGM & MKI' (192.168.1.33:4370) at 2025-11-17 12:00:00.003572
2025-11-17 15:00:00,003 [INFO] 🕒 Scheduler triggered for 'Mesin Absensi TGM & MKI' (192.168.1.33:4370) at 2025-11-17 15:00:00.003462
2025-11-17 18:00:00,003 [INFO] 🕒 Scheduler triggered for 'Mesin Absensi TGM & MKI' (192.168.1.33:4370) at 2025-11-17 18:00:00.003551
2025-11-18 06:00:00,003 [INFO] 🕒 Scheduler triggered for 'Mesin Absensi TGM & MKI' (192.168.1.33:4370) at 2025-11-18 06:00:00.003282
2025-11-18 12:00:00,003 [INFO] 🕒 Scheduler triggered for 'Mesin Absensi TGM & MKI' (192.168.1.33:4370) at 2025-11-18 12:00:00.003199
2025-11-18 15:00:00,003 [INFO] 🕒 Scheduler triggered for 'Mesin Absensi TGM & MKI' (192.168.1.33:4370) at 2025-11-18 15:00:00.003529
2025-11-18 18:00:00,003 [INFO] 🕒 Scheduler triggered for 'Mesin Absensi TGM & MKI' (192.168.1.33:4370) at 2025-11-18 18:00:00.003580
2025-11-19 06:00:00,003 [INFO] 🕒 Scheduler triggered for 'Mesin Absensi TGM & MKI' (192.168.1.33:4370) at 2025-11-19 06:00:00.003314
2025-11-19 12:00:00,003 [INFO] 🕒 Scheduler triggered for 'Mesin Absensi TGM & MKI' (192.168.1.33:4370) at 2025-11-19 12:00:00.003719
2025-11-19 15:00:00,003 [INFO] 🕒 Scheduler triggered for 'Mesin Absensi TGM & MKI' (192.168.1.33:4370) at 2025-11-19 15:00:00.003650
2025-11-19 18:00:00,003 [INFO] 🕒 Scheduler triggered for 'Mesin Absensi TGM & MKI' (192.168.1.33:4370) at 2025-11-19 18:00:00.003664
2025-11-20 06:00:00,002 [INFO] 🕒 Scheduler triggered for 'Mesin Absensi TGM & MKI' (192.168.1.33:4370) at 2025-11-20 06:00:00.002245
2025-11-20 12:00:00,003 [INFO] 🕒 Scheduler triggered for 'Mesin Absensi TGM & MKI' (192.168.1.33:4370) at 2025-11-20 12:00:00.003350
2025-11-20 15:00:00,003 [INFO] 🕒 Scheduler triggered for 'Mesin Absensi TGM & MKI' (192.168.1.33:4370) at 2025-11-20 15:00:00.003725
2025-11-20 18:00:00,003 [INFO] 🕒 Scheduler triggered for 'Mesin Absensi TGM & MKI' (192.168.1.33:4370) at 2025-11-20 18:00:00.003650
2025-11-21 06:00:00,003 [INFO] 🕒 Scheduler triggered for 'Mesin Absensi TGM & MKI' (192.168.1.33:4370) at 2025-11-21 06:00:00.003276
2025-11-21 12:00:00,003 [INFO] 🕒 Scheduler triggered for 'Mesin Absensi TGM & MKI' (192.168.1.33:4370) at 2025-11-21 12:00:00.003750
2025-11-21 15:00:00,003 [INFO] 🕒 Scheduler triggered for 'Mesin Absensi TGM & MKI' (192.168.1.33:4370) at 2025-11-21 15:00:00.003634
2025-11-21 18:00:00,003 [INFO] 🕒 Scheduler triggered for 'Mesin Absensi TGM & MKI' (192.168.1.33:4370) at 2025-11-21 18:00:00.003723
2025-11-22 06:00:00,003 [INFO] 🕒 Scheduler triggered for 'Mesin Absensi TGM & MKI' (192.168.1.33:4370) at 2025-11-22 06:00:00.003646
2025-11-22 12:00:00,004 [INFO] 🕒 Scheduler triggered for 'Mesin Absensi TGM & MKI' (192.168.1.33:4370) at 2025-11-22 12:00:00.003798
2025-11-22 15:00:00,003 [INFO] 🕒 Scheduler triggered for 'Mesin Absensi TGM & MKI' (192.168.1.33:4370) at 2025-11-22 15:00:00.003559
2025-11-22 18:00:00,003 [INFO] 🕒 Scheduler triggered for 'Mesin Absensi TGM & MKI' (192.168.1.33:4370) at 2025-11-22 18:00:00.003265
2025-11-23 06:00:00,003 [INFO] 🕒 Scheduler triggered for 'Mesin Absensi TGM & MKI' (192.168.1.33:4370) at 2025-11-23 06:00:00.003123
2025-11-23 12:00:00,004 [INFO] 🕒 Scheduler triggered for 'Mesin Absensi TGM & MKI' (192.168.1.33:4370) at 2025-11-23 12:00:00.003965
2025-11-23 15:00:00,003 [INFO] 🕒 Scheduler triggered for 'Mesin Absensi TGM & MKI' (192.168.1.33:4370) at 2025-11-23 15:00:00.003312
2025-11-23 18:00:00,003 [INFO] 🕒 Scheduler triggered for 'Mesin Absensi TGM & MKI' (192.168.1.33:4370) at 2025-11-23 18:00:00.003482
2025-11-24 06:00:00,003 [INFO] 🕒 Scheduler triggered for 'Mesin Absensi TGM & MKI' (192.168.1.33:4370) at 2025-11-24 06:00:00.003589
2025-11-24 12:00:00,003 [INFO] 🕒 Scheduler triggered for 'Mesin Absensi TGM & MKI' (192.168.1.33:4370) at 2025-11-24 12:00:00.003626
2025-11-24 15:00:00,003 [INFO] 🕒 Scheduler triggered for 'Mesin Absensi TGM & MKI' (192.168.1.33:4370) at 2025-11-24 15:00:00.003298
2025-11-24 18:00:00,003 [INFO] 🕒 Scheduler triggered for 'Mesin Absensi TGM & MKI' (192.168.1.33:4370) at 2025-11-24 18:00:00.003584
2025-11-25 06:00:00,003 [INFO] 🕒 Scheduler triggered for 'Mesin Absensi TGM & MKI' (192.168.1.33:4370) at 2025-11-25 06:00:00.003393
2025-11-25 12:00:00,003 [INFO] 🕒 Scheduler triggered for 'Mesin Absensi TGM & MKI' (192.168.1.33:4370) at 2025-11-25 12:00:00.003681
2025-11-25 15:00:00,003 [INFO] 🕒 Scheduler triggered for 'Mesin Absensi TGM & MKI' (192.168.1.33:4370) at 2025-11-25 15:00:00.003681
2025-11-25 18:00:00,003 [INFO] 🕒 Scheduler triggered for 'Mesin Absensi TGM & MKI' (192.168.1.33:4370) at 2025-11-25 18:00:00.003687
2025-11-26 06:00:00,003 [INFO] 🕒 Scheduler triggered for 'Mesin Absensi TGM & MKI' (192.168.1.33:4370) at 2025-11-26 06:00:00.003651
2025-11-26 12:00:00,003 [INFO] 🕒 Scheduler triggered for 'Mesin Absensi TGM & MKI' (192.168.1.33:4370) at 2025-11-26 12:00:00.003596
2025-11-26 15:00:00,003 [INFO] 🕒 Scheduler triggered for 'Mesin Absensi TGM & MKI' (192.168.1.33:4370) at 2025-11-26 15:00:00.003570
2025-11-26 18:00:00,003 [INFO] 🕒 Scheduler triggered for 'Mesin Absensi TGM & MKI' (192.168.1.33:4370) at 2025-11-26 18:00:00.003616
2025-11-27 06:00:00,003 [INFO] 🕒 Scheduler triggered for 'Mesin Absensi TGM & MKI' (192.168.1.33:4370) at 2025-11-27 06:00:00.003617
2025-11-27 12:00:00,003 [INFO] 🕒 Scheduler triggered for 'Mesin Absensi TGM & MKI' (192.168.1.33:4370) at 2025-11-27 12:00:00.003759
2025-11-27 15:00:00,003 [INFO] 🕒 Scheduler triggered for 'Mesin Absensi TGM & MKI' (192.168.1.33:4370) at 2025-11-27 15:00:00.003332
2025-11-27 18:00:00,003 [INFO] 🕒 Scheduler triggered for 'Mesin Absensi TGM & MKI' (192.168.1.33:4370) at 2025-11-27 18:00:00.003346
2025-11-28 06:00:00,003 [INFO] 🕒 Scheduler triggered for 'Mesin Absensi TGM & MKI' (192.168.1.33:4370) at 2025-11-28 06:00:00.003287
2025-11-28 12:00:00,003 [INFO] 🕒 Scheduler triggered for 'Mesin Absensi TGM & MKI' (192.168.1.33:4370) at 2025-11-28 12:00:00.003695
2025-11-28 15:00:00,003 [INFO] 🕒 Scheduler triggered for 'Mesin Absensi TGM & MKI' (192.168.1.33:4370) at 2025-11-28 15:00:00.003299
2025-12-10 10:11:50,586 [INFO] Found 1 machine(s) with schedules.
2025-12-10 10:11:50,630 [INFO] ✓ Rescheduled job 'download_logs_1_0' for 'Mesin Absensi TGM & MKI' at cron [hour=06, minute=00]
2025-12-10 10:11:50,632 [INFO] ✓ Rescheduled job 'download_logs_1_1' for 'Mesin Absensi TGM & MKI' at cron [hour=12, minute=00]
2025-12-10 10:11:50,633 [INFO] ✓ Rescheduled job 'download_logs_1_2' for 'Mesin Absensi TGM & MKI' at cron [hour=15, minute=00]
2025-12-10 10:11:50,635 [INFO] ✓ Rescheduled job 'download_logs_1_3' for 'Mesin Absensi TGM & MKI' at cron [hour=18, minute=00]
2025-12-10 10:11:50,645 [INFO] 📋 All jobs registered: [<Job (id=download_logs_1_1 name=partial)>, <Job (id=download_logs_1_2 name=partial)>, <Job (id=download_logs_1_3 name=partial)>, <Job (id=download_logs_1_0 name=partial)>]
2025-12-10 10:11:50,646 [INFO] 🚀 Web server started
2025-12-10 12:00:00,003 [INFO] 🕒 Scheduler triggered for 'Mesin Absensi TGM & MKI' (192.168.1.33:4370) at 2025-12-10 12:00:00.003648
2025-12-10 15:00:00,004 [INFO] 🕒 Scheduler triggered for 'Mesin Absensi TGM & MKI' (192.168.1.33:4370) at 2025-12-10 15:00:00.003904
2025-12-10 18:00:00,003 [INFO] 🕒 Scheduler triggered for 'Mesin Absensi TGM & MKI' (192.168.1.33:4370) at 2025-12-10 18:00:00.003276
2025-12-11 06:00:00,003 [INFO] 🕒 Scheduler triggered for 'Mesin Absensi TGM & MKI' (192.168.1.33:4370) at 2025-12-11 06:00:00.003333
2025-12-11 12:00:00,003 [INFO] 🕒 Scheduler triggered for 'Mesin Absensi TGM & MKI' (192.168.1.33:4370) at 2025-12-11 12:00:00.003600
2025-12-11 15:00:00,003 [INFO] 🕒 Scheduler triggered for 'Mesin Absensi TGM & MKI' (192.168.1.33:4370) at 2025-12-11 15:00:00.003314
2025-12-11 18:00:00,003 [INFO] 🕒 Scheduler triggered for 'Mesin Absensi TGM & MKI' (192.168.1.33:4370) at 2025-12-11 18:00:00.003625
2025-12-12 06:00:00,003 [INFO] 🕒 Scheduler triggered for 'Mesin Absensi TGM & MKI' (192.168.1.33:4370) at 2025-12-12 06:00:00.003308
2025-12-12 12:00:00,003 [INFO] 🕒 Scheduler triggered for 'Mesin Absensi TGM & MKI' (192.168.1.33:4370) at 2025-12-12 12:00:00.003239
2025-12-12 15:00:00,003 [INFO] 🕒 Scheduler triggered for 'Mesin Absensi TGM & MKI' (192.168.1.33:4370) at 2025-12-12 15:00:00.003625
2025-12-12 18:00:00,003 [INFO] 🕒 Scheduler triggered for 'Mesin Absensi TGM & MKI' (192.168.1.33:4370) at 2025-12-12 18:00:00.003449
2025-12-13 06:00:00,003 [INFO] 🕒 Scheduler triggered for 'Mesin Absensi TGM & MKI' (192.168.1.33:4370) at 2025-12-13 06:00:00.003315
2025-12-13 12:00:00,003 [INFO] 🕒 Scheduler triggered for 'Mesin Absensi TGM & MKI' (192.168.1.33:4370) at 2025-12-13 12:00:00.003711
2025-12-13 15:00:00,003 [INFO] 🕒 Scheduler triggered for 'Mesin Absensi TGM & MKI' (192.168.1.33:4370) at 2025-12-13 15:00:00.003387
2025-12-13 18:00:00,003 [INFO] 🕒 Scheduler triggered for 'Mesin Absensi TGM & MKI' (192.168.1.33:4370) at 2025-12-13 18:00:00.003375
2025-12-14 06:00:00,003 [INFO] 🕒 Scheduler triggered for 'Mesin Absensi TGM & MKI' (192.168.1.33:4370) at 2025-12-14 06:00:00.003674
2025-12-14 12:00:00,003 [INFO] 🕒 Scheduler triggered for 'Mesin Absensi TGM & MKI' (192.168.1.33:4370) at 2025-12-14 12:00:00.003597
2025-12-14 15:00:00,002 [INFO] 🕒 Scheduler triggered for 'Mesin Absensi TGM & MKI' (192.168.1.33:4370) at 2025-12-14 15:00:00.002212
2025-12-14 18:00:00,003 [INFO] 🕒 Scheduler triggered for 'Mesin Absensi TGM & MKI' (192.168.1.33:4370) at 2025-12-14 18:00:00.003494
2025-12-15 06:00:00,003 [INFO] 🕒 Scheduler triggered for 'Mesin Absensi TGM & MKI' (192.168.1.33:4370) at 2025-12-15 06:00:00.003637
2025-12-15 12:00:00,003 [INFO] 🕒 Scheduler triggered for 'Mesin Absensi TGM & MKI' (192.168.1.33:4370) at 2025-12-15 12:00:00.003614
2025-12-15 15:00:00,003 [INFO] 🕒 Scheduler triggered for 'Mesin Absensi TGM & MKI' (192.168.1.33:4370) at 2025-12-15 15:00:00.003628
2025-12-15 18:00:00,003 [INFO] 🕒 Scheduler triggered for 'Mesin Absensi TGM & MKI' (192.168.1.33:4370) at 2025-12-15 18:00:00.003636
2025-12-16 06:00:00,002 [INFO] 🕒 Scheduler triggered for 'Mesin Absensi TGM & MKI' (192.168.1.33:4370) at 2025-12-16 06:00:00.002197
2025-12-16 12:00:00,003 [INFO] 🕒 Scheduler triggered for 'Mesin Absensi TGM & MKI' (192.168.1.33:4370) at 2025-12-16 12:00:00.003533
2025-12-16 15:00:00,003 [INFO] 🕒 Scheduler triggered for 'Mesin Absensi TGM & MKI' (192.168.1.33:4370) at 2025-12-16 15:00:00.003274
2025-12-16 18:00:00,003 [INFO] 🕒 Scheduler triggered for 'Mesin Absensi TGM & MKI' (192.168.1.33:4370) at 2025-12-16 18:00:00.003564
2025-12-17 06:00:00,003 [INFO] 🕒 Scheduler triggered for 'Mesin Absensi TGM & MKI' (192.168.1.33:4370) at 2025-12-17 06:00:00.003441
2025-12-17 12:00:00,003 [INFO] 🕒 Scheduler triggered for 'Mesin Absensi TGM & MKI' (192.168.1.33:4370) at 2025-12-17 12:00:00.003350
2025-12-17 15:00:00,003 [INFO] 🕒 Scheduler triggered for 'Mesin Absensi TGM & MKI' (192.168.1.33:4370) at 2025-12-17 15:00:00.003516
2025-12-17 18:00:00,003 [INFO] 🕒 Scheduler triggered for 'Mesin Absensi TGM & MKI' (192.168.1.33:4370) at 2025-12-17 18:00:00.003796
2025-12-18 06:00:00,003 [INFO] 🕒 Scheduler triggered for 'Mesin Absensi TGM & MKI' (192.168.1.33:4370) at 2025-12-18 06:00:00.003286
2025-12-18 12:00:00,004 [INFO] 🕒 Scheduler triggered for 'Mesin Absensi TGM & MKI' (192.168.1.33:4370) at 2025-12-18 12:00:00.004159
2025-12-18 15:00:00,003 [INFO] 🕒 Scheduler triggered for 'Mesin Absensi TGM & MKI' (192.168.1.33:4370) at 2025-12-18 15:00:00.003616
2025-12-18 18:00:00,003 [INFO] 🕒 Scheduler triggered for 'Mesin Absensi TGM & MKI' (192.168.1.33:4370) at 2025-12-18 18:00:00.003357
2025-12-19 06:00:00,003 [INFO] 🕒 Scheduler triggered for 'Mesin Absensi TGM & MKI' (192.168.1.33:4370) at 2025-12-19 06:00:00.003585
2025-12-19 12:00:00,003 [INFO] 🕒 Scheduler triggered for 'Mesin Absensi TGM & MKI' (192.168.1.33:4370) at 2025-12-19 12:00:00.003600
2025-12-19 15:00:00,003 [INFO] 🕒 Scheduler triggered for 'Mesin Absensi TGM & MKI' (192.168.1.33:4370) at 2025-12-19 15:00:00.003712
2025-12-19 18:00:00,003 [INFO] 🕒 Scheduler triggered for 'Mesin Absensi TGM & MKI' (192.168.1.33:4370) at 2025-12-19 18:00:00.003387
2025-12-20 06:00:00,003 [INFO] 🕒 Scheduler triggered for 'Mesin Absensi TGM & MKI' (192.168.1.33:4370) at 2025-12-20 06:00:00.003771
2025-12-20 12:00:00,003 [INFO] 🕒 Scheduler triggered for 'Mesin Absensi TGM & MKI' (192.168.1.33:4370) at 2025-12-20 12:00:00.003581
2025-12-20 15:00:00,003 [INFO] 🕒 Scheduler triggered for 'Mesin Absensi TGM & MKI' (192.168.1.33:4370) at 2025-12-20 15:00:00.003263
2025-12-20 18:00:00,003 [INFO] 🕒 Scheduler triggered for 'Mesin Absensi TGM & MKI' (192.168.1.33:4370) at 2025-12-20 18:00:00.003203
2025-12-21 06:00:00,003 [INFO] 🕒 Scheduler triggered for 'Mesin Absensi TGM & MKI' (192.168.1.33:4370) at 2025-12-21 06:00:00.003314
2025-12-21 12:00:00,003 [INFO] 🕒 Scheduler triggered for 'Mesin Absensi TGM & MKI' (192.168.1.33:4370) at 2025-12-21 12:00:00.003161
2025-12-21 14:27:55,317 [INFO] Found 1 machine(s) with schedules.
2025-12-21 14:27:55,342 [INFO] ✓ Rescheduled job 'download_logs_1_0' for 'Mesin Absensi TGM & MKI' at cron [hour=06, minute=00]
2025-12-21 14:27:55,343 [INFO] ✓ Rescheduled job 'download_logs_1_1' for 'Mesin Absensi TGM & MKI' at cron [hour=12, minute=00]
2025-12-21 14:27:55,345 [INFO] ✓ Rescheduled job 'download_logs_1_2' for 'Mesin Absensi TGM & MKI' at cron [hour=15, minute=00]
2025-12-21 14:27:55,347 [INFO] ✓ Rescheduled job 'download_logs_1_3' for 'Mesin Absensi TGM & MKI' at cron [hour=18, minute=00]
2025-12-21 14:27:55,356 [INFO] 📋 All jobs registered: [<Job (id=download_logs_1_2 name=partial)>, <Job (id=download_logs_1_3 name=partial)>, <Job (id=download_logs_1_0 name=partial)>, <Job (id=download_logs_1_1 name=partial)>]
2025-12-21 14:27:55,357 [INFO] 🚀 Web server started
2025-12-21 14:47:06,712 [INFO] Found 1 machine(s) with schedules.
2025-12-21 14:47:06,744 [INFO] ✓ Rescheduled job 'download_logs_1_0' for 'Mesin Absensi TGM & MKI' at cron [hour=06, minute=00]
2025-12-21 14:47:06,746 [INFO] ✓ Rescheduled job 'download_logs_1_1' for 'Mesin Absensi TGM & MKI' at cron [hour=12, minute=00]
2025-12-21 14:47:06,747 [INFO] ✓ Rescheduled job 'download_logs_1_2' for 'Mesin Absensi TGM & MKI' at cron [hour=15, minute=00]
2025-12-21 14:47:06,749 [INFO] ✓ Rescheduled job 'download_logs_1_3' for 'Mesin Absensi TGM & MKI' at cron [hour=18, minute=00]
2025-12-21 14:47:06,761 [INFO] 📋 All jobs registered: [<Job (id=download_logs_1_2 name=partial)>, <Job (id=download_logs_1_3 name=partial)>, <Job (id=download_logs_1_0 name=partial)>, <Job (id=download_logs_1_1 name=partial)>]
2025-12-21 14:47:06,761 [INFO] 🚀 Web server started
2025-12-21 15:00:00,002 [INFO] 🕒 Scheduler triggered for 'Mesin Absensi TGM & MKI' (192.168.1.33:4370) at 2025-12-21 15:00:00.002588
2025-12-21 18:00:00,003 [INFO] 🕒 Scheduler triggered for 'Mesin Absensi TGM & MKI' (192.168.1.33:4370) at 2025-12-21 18:00:00.003352
2025-12-22 12:00:00,003 [INFO] 🕒 Scheduler triggered for 'Mesin Absensi TGM & MKI' (192.168.1.33:4370) at 2025-12-22 12:00:00.003290
2025-12-22 15:00:00,003 [INFO] 🕒 Scheduler triggered for 'Mesin Absensi TGM & MKI' (192.168.1.33:4370) at 2025-12-22 15:00:00.003364
2025-12-22 18:00:00,003 [INFO] 🕒 Scheduler triggered for 'Mesin Absensi TGM & MKI' (192.168.1.33:4370) at 2025-12-22 18:00:00.003196
2025-12-22 19:59:57,816 [INFO] Found 1 machine(s) with schedules.
2025-12-22 19:59:57,838 [INFO] ✓ Rescheduled job 'download_logs_1_0' for 'Mesin Absensi TGM & MKI' at cron [hour=06, minute=00]
2025-12-22 19:59:57,840 [INFO] ✓ Rescheduled job 'download_logs_1_1' for 'Mesin Absensi TGM & MKI' at cron [hour=12, minute=00]
2025-12-22 19:59:57,842 [INFO] ✓ Rescheduled job 'download_logs_1_2' for 'Mesin Absensi TGM & MKI' at cron [hour=15, minute=00]
2025-12-22 19:59:57,844 [INFO] ✓ Rescheduled job 'download_logs_1_3' for 'Mesin Absensi TGM & MKI' at cron [hour=18, minute=00]
2025-12-22 19:59:57,856 [INFO] 📋 All jobs registered: [<Job (id=download_logs_1_0 name=partial)>, <Job (id=download_logs_1_1 name=partial)>, <Job (id=download_logs_1_2 name=partial)>, <Job (id=download_logs_1_3 name=partial)>]
2025-12-22 19:59:57,857 [INFO] 🚀 Web server started
2025-12-23 06:00:00,005 [INFO] 🕒 Scheduler triggered for 'Mesin Absensi TGM & MKI' (192.168.1.33:4370) at 2025-12-23 06:00:00.005249
2025-12-23 12:00:00,003 [INFO] 🕒 Scheduler triggered for 'Mesin Absensi TGM & MKI' (192.168.1.33:4370) at 2025-12-23 12:00:00.003751
2025-12-23 15:00:00,003 [INFO] 🕒 Scheduler triggered for 'Mesin Absensi TGM & MKI' (192.168.1.33:4370) at 2025-12-23 15:00:00.003308
2025-12-23 18:00:00,003 [INFO] 🕒 Scheduler triggered for 'Mesin Absensi TGM & MKI' (192.168.1.33:4370) at 2025-12-23 18:00:00.003034
2025-12-24 06:00:00,003 [INFO] 🕒 Scheduler triggered for 'Mesin Absensi TGM & MKI' (192.168.1.33:4370) at 2025-12-24 06:00:00.003211
2025-12-24 12:00:00,003 [INFO] 🕒 Scheduler triggered for 'Mesin Absensi TGM & MKI' (192.168.1.33:4370) at 2025-12-24 12:00:00.003275
2025-12-24 15:00:00,003 [INFO] 🕒 Scheduler triggered for 'Mesin Absensi TGM & MKI' (192.168.1.33:4370) at 2025-12-24 15:00:00.003307
2025-12-29 11:48:28,384 [INFO] Found 1 machine(s) with schedules.
2025-12-29 11:48:28,412 [INFO] ✓ Rescheduled job 'download_logs_1_0' for 'Mesin Absensi TGM & MKI' at cron [hour=06, minute=00]
2025-12-29 11:48:28,415 [INFO] ✓ Rescheduled job 'download_logs_1_1' for 'Mesin Absensi TGM & MKI' at cron [hour=12, minute=00]
2025-12-29 11:48:28,416 [INFO] ✓ Rescheduled job 'download_logs_1_2' for 'Mesin Absensi TGM & MKI' at cron [hour=15, minute=00]
2025-12-29 11:48:28,418 [INFO] ✓ Rescheduled job 'download_logs_1_3' for 'Mesin Absensi TGM & MKI' at cron [hour=18, minute=00]
2025-12-29 11:48:28,430 [INFO] 📋 All jobs registered: [<Job (id=download_logs_1_1 name=partial)>, <Job (id=download_logs_1_2 name=partial)>, <Job (id=download_logs_1_3 name=partial)>, <Job (id=download_logs_1_0 name=partial)>]
2025-12-29 11:48:28,431 [INFO] 🚀 Web server started
2025-12-29 12:00:00,003 [INFO] 🕒 Scheduler triggered for 'Mesin Absensi TGM & MKI' (192.168.1.33:4370) at 2025-12-29 12:00:00.003833
2025-12-29 15:00:00,002 [INFO] 🕒 Scheduler triggered for 'Mesin Absensi TGM & MKI' (192.168.1.33:4370) at 2025-12-29 15:00:00.002355
2025-12-29 18:00:00,004 [INFO] 🕒 Scheduler triggered for 'Mesin Absensi TGM & MKI' (192.168.1.33:4370) at 2025-12-29 18:00:00.004482
2025-12-30 06:00:00,003 [INFO] 🕒 Scheduler triggered for 'Mesin Absensi TGM & MKI' (192.168.1.33:4370) at 2025-12-30 06:00:00.003532
2025-12-30 12:00:00,004 [INFO] 🕒 Scheduler triggered for 'Mesin Absensi TGM & MKI' (192.168.1.33:4370) at 2025-12-30 12:00:00.003898
2025-12-30 15:00:00,002 [INFO] 🕒 Scheduler triggered for 'Mesin Absensi TGM & MKI' (192.168.1.33:4370) at 2025-12-30 15:00:00.002215
2025-12-30 18:00:00,003 [INFO] 🕒 Scheduler triggered for 'Mesin Absensi TGM & MKI' (192.168.1.33:4370) at 2025-12-30 18:00:00.003619
2025-12-31 06:00:00,003 [INFO] 🕒 Scheduler triggered for 'Mesin Absensi TGM & MKI' (192.168.1.33:4370) at 2025-12-31 06:00:00.003686
2025-12-31 12:00:00,003 [INFO] 🕒 Scheduler triggered for 'Mesin Absensi TGM & MKI' (192.168.1.33:4370) at 2025-12-31 12:00:00.003492
2025-12-31 15:00:00,003 [INFO] 🕒 Scheduler triggered for 'Mesin Absensi TGM & MKI' (192.168.1.33:4370) at 2025-12-31 15:00:00.003767
2025-12-31 18:00:00,003 [INFO] 🕒 Scheduler triggered for 'Mesin Absensi TGM & MKI' (192.168.1.33:4370) at 2025-12-31 18:00:00.003801
2026-01-01 06:00:00,003 [INFO] 🕒 Scheduler triggered for 'Mesin Absensi TGM & MKI' (192.168.1.33:4370) at 2026-01-01 06:00:00.003616
2026-01-01 12:00:00,004 [INFO] 🕒 Scheduler triggered for 'Mesin Absensi TGM & MKI' (192.168.1.33:4370) at 2026-01-01 12:00:00.003910
2026-01-01 15:00:00,003 [INFO] 🕒 Scheduler triggered for 'Mesin Absensi TGM & MKI' (192.168.1.33:4370) at 2026-01-01 15:00:00.003522
2026-01-01 18:00:00,003 [INFO] 🕒 Scheduler triggered for 'Mesin Absensi TGM & MKI' (192.168.1.33:4370) at 2026-01-01 18:00:00.003684
2026-01-02 06:00:00,003 [INFO] 🕒 Scheduler triggered for 'Mesin Absensi TGM & MKI' (192.168.1.33:4370) at 2026-01-02 06:00:00.003695
2026-01-02 12:00:00,003 [INFO] 🕒 Scheduler triggered for 'Mesin Absensi TGM & MKI' (192.168.1.33:4370) at 2026-01-02 12:00:00.003412
2026-01-02 15:00:00,003 [INFO] 🕒 Scheduler triggered for 'Mesin Absensi TGM & MKI' (192.168.1.33:4370) at 2026-01-02 15:00:00.003456
2026-01-02 18:00:00,003 [INFO] 🕒 Scheduler triggered for 'Mesin Absensi TGM & MKI' (192.168.1.33:4370) at 2026-01-02 18:00:00.003389
2026-01-03 06:00:00,003 [INFO] 🕒 Scheduler triggered for 'Mesin Absensi TGM & MKI' (192.168.1.33:4370) at 2026-01-03 06:00:00.003423
2026-01-03 12:00:00,004 [INFO] 🕒 Scheduler triggered for 'Mesin Absensi TGM & MKI' (192.168.1.33:4370) at 2026-01-03 12:00:00.004147
2026-01-03 15:00:00,003 [INFO] 🕒 Scheduler triggered for 'Mesin Absensi TGM & MKI' (192.168.1.33:4370) at 2026-01-03 15:00:00.003386
2026-01-03 18:00:00,003 [INFO] 🕒 Scheduler triggered for 'Mesin Absensi TGM & MKI' (192.168.1.33:4370) at 2026-01-03 18:00:00.003495
2026-01-05 16:08:59,247 [INFO] Found 1 machine(s) with schedules.
2026-01-05 16:08:59,276 [INFO] ✓ Rescheduled job 'download_logs_1_0' for 'Mesin Absensi TGM & MKI' at cron [hour=06, minute=00]
2026-01-05 16:08:59,278 [INFO] ✓ Rescheduled job 'download_logs_1_1' for 'Mesin Absensi TGM & MKI' at cron [hour=12, minute=00]
2026-01-05 16:08:59,280 [INFO] ✓ Rescheduled job 'download_logs_1_2' for 'Mesin Absensi TGM & MKI' at cron [hour=15, minute=00]
2026-01-05 16:08:59,281 [INFO] ✓ Rescheduled job 'download_logs_1_3' for 'Mesin Absensi TGM & MKI' at cron [hour=18, minute=00]
2026-01-05 16:08:59,298 [INFO] 📋 All jobs registered: [<Job (id=download_logs_1_3 name=partial)>, <Job (id=download_logs_1_0 name=partial)>, <Job (id=download_logs_1_1 name=partial)>, <Job (id=download_logs_1_2 name=partial)>]
2026-01-05 16:08:59,299 [INFO] 🚀 Web server started
2026-01-05 18:00:00,007 [INFO] 🕒 Scheduler triggered for 'Mesin Absensi TGM & MKI' (192.168.1.33:4370) at 2026-01-05 18:00:00.006967
2026-01-06 12:38:19,514 [INFO] Found 1 machine(s) with schedules.
2026-01-06 12:38:19,534 [INFO] ✓ Rescheduled job 'download_logs_1_0' for 'Mesin Absensi TGM & MKI' at cron [hour=06, minute=00]
2026-01-06 12:38:19,536 [INFO] ✓ Rescheduled job 'download_logs_1_1' for 'Mesin Absensi TGM & MKI' at cron [hour=12, minute=00]
2026-01-06 12:38:19,537 [INFO] ✓ Rescheduled job 'download_logs_1_2' for 'Mesin Absensi TGM & MKI' at cron [hour=15, minute=00]
2026-01-06 12:38:19,539 [INFO] ✓ Rescheduled job 'download_logs_1_3' for 'Mesin Absensi TGM & MKI' at cron [hour=18, minute=00]
2026-01-06 12:38:19,549 [INFO] 📋 All jobs registered: [<Job (id=download_logs_1_2 name=partial)>, <Job (id=download_logs_1_3 name=partial)>, <Job (id=download_logs_1_0 name=partial)>, <Job (id=download_logs_1_1 name=partial)>]
2026-01-06 12:38:19,550 [INFO] 🚀 Web server started
2026-01-06 13:26:58,772 [INFO] Found 1 machine(s) with schedules.
2026-01-06 13:26:58,783 [INFO] ✓ Rescheduled job 'download_logs_1_0' for 'Mesin Absensi TGM & MKI' at cron [hour=06, minute=00]
2026-01-06 13:26:58,785 [INFO] ✓ Rescheduled job 'download_logs_1_1' for 'Mesin Absensi TGM & MKI' at cron [hour=12, minute=00]
2026-01-06 13:26:58,786 [INFO] ✓ Rescheduled job 'download_logs_1_2' for 'Mesin Absensi TGM & MKI' at cron [hour=15, minute=00]
2026-01-06 13:26:58,788 [INFO] ✓ Rescheduled job 'download_logs_1_3' for 'Mesin Absensi TGM & MKI' at cron [hour=18, minute=00]
2026-01-06 13:26:58,796 [INFO] 📋 All jobs registered: [<Job (id=download_logs_1_2 name=partial)>, <Job (id=download_logs_1_3 name=partial)>, <Job (id=download_logs_1_0 name=partial)>, <Job (id=download_logs_1_1 name=partial)>]
2026-01-06 13:26:58,796 [INFO] 🚀 Web server started
2026-01-06 15:00:00,002 [INFO] 🕒 Scheduler triggered for 'Mesin Absensi TGM & MKI' (192.168.1.33:4370) at 2026-01-06 15:00:00.002733
2026-01-06 16:21:32,402 [INFO] Found 1 machine(s) with schedules.
2026-01-06 16:21:32,413 [INFO] ✓ Rescheduled job 'download_logs_1_0' for 'Mesin Absensi TGM & MKI' at cron [hour=06, minute=00]
2026-01-06 16:21:32,415 [INFO] ✓ Rescheduled job 'download_logs_1_1' for 'Mesin Absensi TGM & MKI' at cron [hour=12, minute=00]
2026-01-06 16:21:32,417 [INFO] ✓ Rescheduled job 'download_logs_1_2' for 'Mesin Absensi TGM & MKI' at cron [hour=15, minute=00]
2026-01-06 16:21:32,419 [INFO] ✓ Rescheduled job 'download_logs_1_3' for 'Mesin Absensi TGM & MKI' at cron [hour=18, minute=00]
2026-01-06 16:21:32,427 [INFO] 📋 All jobs registered: [<Job (id=download_logs_1_3 name=partial)>, <Job (id=download_logs_1_0 name=partial)>, <Job (id=download_logs_1_1 name=partial)>, <Job (id=download_logs_1_2 name=partial)>]
2026-01-06 16:21:32,428 [INFO] 🚀 Web server started
2026-01-06 16:22:06,095 [INFO] Found 1 machine(s) with schedules.
2026-01-06 16:22:06,107 [INFO] ✓ Rescheduled job 'download_logs_1_0' for 'Mesin Absensi TGM & MKI' at cron [hour=06, minute=00]
2026-01-06 16:22:06,109 [INFO] ✓ Rescheduled job 'download_logs_1_1' for 'Mesin Absensi TGM & MKI' at cron [hour=12, minute=00]
2026-01-06 16:22:06,110 [INFO] ✓ Rescheduled job 'download_logs_1_2' for 'Mesin Absensi TGM & MKI' at cron [hour=15, minute=00]
2026-01-06 16:22:06,111 [INFO] ✓ Rescheduled job 'download_logs_1_3' for 'Mesin Absensi TGM & MKI' at cron [hour=18, minute=00]
2026-01-06 16:22:06,119 [INFO] 📋 All jobs registered: [<Job (id=download_logs_1_3 name=partial)>, <Job (id=download_logs_1_0 name=partial)>, <Job (id=download_logs_1_1 name=partial)>, <Job (id=download_logs_1_2 name=partial)>]
2026-01-06 16:22:06,120 [INFO] 🚀 Web server started
2026-01-06 16:24:04,957 [INFO] Found 1 machine(s) with schedules.
2026-01-06 16:24:04,970 [INFO] ✓ Rescheduled job 'download_logs_1_0' for 'Mesin Absensi TGM & MKI' at cron [hour=06, minute=00]
2026-01-06 16:24:04,971 [INFO] ✓ Rescheduled job 'download_logs_1_1' for 'Mesin Absensi TGM & MKI' at cron [hour=12, minute=00]
2026-01-06 16:24:04,972 [INFO] ✓ Rescheduled job 'download_logs_1_2' for 'Mesin Absensi TGM & MKI' at cron [hour=15, minute=00]
2026-01-06 16:24:04,974 [INFO] ✓ Rescheduled job 'download_logs_1_3' for 'Mesin Absensi TGM & MKI' at cron [hour=18, minute=00]
2026-01-06 16:24:04,982 [INFO] 📋 All jobs registered: [<Job (id=download_logs_1_3 name=partial)>, <Job (id=download_logs_1_0 name=partial)>, <Job (id=download_logs_1_1 name=partial)>, <Job (id=download_logs_1_2 name=partial)>]
2026-01-06 16:24:04,982 [INFO] 🚀 Web server started
2026-01-06 16:24:21,800 [INFO] Found 1 machine(s) with schedules.
2026-01-06 16:24:21,814 [INFO] ✓ Rescheduled job 'download_logs_1_0' for 'Mesin Absensi TGM & MKI' at cron [hour=06, minute=00]
2026-01-06 16:24:21,816 [INFO] ✓ Rescheduled job 'download_logs_1_1' for 'Mesin Absensi TGM & MKI' at cron [hour=12, minute=00]
2026-01-06 16:24:21,817 [INFO] ✓ Rescheduled job 'download_logs_1_2' for 'Mesin Absensi TGM & MKI' at cron [hour=15, minute=00]
2026-01-06 16:24:21,818 [INFO] ✓ Rescheduled job 'download_logs_1_3' for 'Mesin Absensi TGM & MKI' at cron [hour=18, minute=00]
2026-01-06 16:24:21,826 [INFO] 📋 All jobs registered: [<Job (id=download_logs_1_3 name=partial)>, <Job (id=download_logs_1_0 name=partial)>, <Job (id=download_logs_1_1 name=partial)>, <Job (id=download_logs_1_2 name=partial)>]
2026-01-06 16:24:21,827 [INFO] 🚀 Web server started
2026-01-06 18:00:00,003 [INFO] 🕒 Scheduler triggered for 'Mesin Absensi TGM & MKI' (192.168.1.33:4370) at 2026-01-06 18:00:00.002971
2026-01-07 02:49:08,041 [INFO] Found 1 machine(s) with schedules.
2026-01-07 02:49:08,055 [INFO] ✓ Rescheduled job 'download_logs_1_0' for 'Mesin Absensi TGM & MKI' at cron [hour=06, minute=00]
2026-01-07 02:49:08,057 [INFO] ✓ Rescheduled job 'download_logs_1_1' for 'Mesin Absensi TGM & MKI' at cron [hour=12, minute=00]
2026-01-07 02:49:08,058 [INFO] ✓ Rescheduled job 'download_logs_1_2' for 'Mesin Absensi TGM & MKI' at cron [hour=15, minute=00]
2026-01-07 02:49:08,059 [INFO] ✓ Rescheduled job 'download_logs_1_3' for 'Mesin Absensi TGM & MKI' at cron [hour=18, minute=00]
2026-01-07 02:49:08,063 [INFO] 📋 All jobs registered: [<Job (id=download_logs_1_0 name=partial)>, <Job (id=download_logs_1_1 name=partial)>, <Job (id=download_logs_1_2 name=partial)>, <Job (id=download_logs_1_3 name=partial)>]
2026-01-07 02:49:08,064 [INFO] 🚀 Web server started
2026-01-07 03:03:36,314 [INFO] Found 1 machine(s) with schedules.
2026-01-07 03:03:36,332 [INFO] ✓ Rescheduled job 'download_logs_1_0' for 'Mesin Absensi TGM & MKI' at cron [hour=06, minute=00]
2026-01-07 03:03:36,334 [INFO] ✓ Rescheduled job 'download_logs_1_1' for 'Mesin Absensi TGM & MKI' at cron [hour=12, minute=00]
2026-01-07 03:03:36,336 [INFO] ✓ Rescheduled job 'download_logs_1_2' for 'Mesin Absensi TGM & MKI' at cron [hour=15, minute=00]
2026-01-07 03:03:36,338 [INFO] ✓ Rescheduled job 'download_logs_1_3' for 'Mesin Absensi TGM & MKI' at cron [hour=18, minute=00]
2026-01-07 03:03:36,343 [INFO] 📋 All jobs registered: [<Job (id=download_logs_1_0 name=partial)>, <Job (id=download_logs_1_1 name=partial)>, <Job (id=download_logs_1_2 name=partial)>, <Job (id=download_logs_1_3 name=partial)>]
2026-01-07 03:03:36,344 [INFO] 🚀 Web server started
2026-01-07 03:31:33,990 [INFO] Found 1 machine(s) with schedules.
2026-01-07 03:31:34,004 [INFO] ✓ Rescheduled job 'download_logs_1_0' for 'Mesin Absensi TGM & MKI' at cron [hour=06, minute=00]
2026-01-07 03:31:34,006 [INFO] ✓ Rescheduled job 'download_logs_1_1' for 'Mesin Absensi TGM & MKI' at cron [hour=12, minute=00]
2026-01-07 03:31:34,007 [INFO] ✓ Rescheduled job 'download_logs_1_2' for 'Mesin Absensi TGM & MKI' at cron [hour=15, minute=00]
2026-01-07 03:31:34,008 [INFO] ✓ Rescheduled job 'download_logs_1_3' for 'Mesin Absensi TGM & MKI' at cron [hour=18, minute=00]
2026-01-07 03:31:34,013 [INFO] 📋 All jobs registered: [<Job (id=download_logs_1_0 name=partial)>, <Job (id=download_logs_1_1 name=partial)>, <Job (id=download_logs_1_2 name=partial)>, <Job (id=download_logs_1_3 name=partial)>]
2026-01-07 03:31:34,014 [INFO] 🚀 Web server started
2026-01-07 03:31:41,388 [INFO] Found 1 machine(s) with schedules.
2026-01-07 03:31:41,407 [INFO] ✓ Rescheduled job 'download_logs_1_0' for 'Mesin Absensi TGM & MKI' at cron [hour=06, minute=00]
2026-01-07 03:31:41,409 [INFO] ✓ Rescheduled job 'download_logs_1_1' for 'Mesin Absensi TGM & MKI' at cron [hour=12, minute=00]
2026-01-07 03:31:41,411 [INFO] ✓ Rescheduled job 'download_logs_1_2' for 'Mesin Absensi TGM & MKI' at cron [hour=15, minute=00]
2026-01-07 03:31:41,412 [INFO] ✓ Rescheduled job 'download_logs_1_3' for 'Mesin Absensi TGM & MKI' at cron [hour=18, minute=00]
2026-01-07 03:31:41,419 [INFO] 📋 All jobs registered: [<Job (id=download_logs_1_0 name=partial)>, <Job (id=download_logs_1_1 name=partial)>, <Job (id=download_logs_1_2 name=partial)>, <Job (id=download_logs_1_3 name=partial)>]
2026-01-07 03:31:41,420 [INFO] 🚀 Web server started
2026-01-07 03:33:02,236 [INFO] Found 1 machine(s) with schedules.
2026-01-07 03:33:02,255 [INFO] ✓ Rescheduled job 'download_logs_1_0' for 'Mesin Absensi TGM & MKI' at cron [hour=06, minute=00]
2026-01-07 03:33:02,257 [INFO] ✓ Rescheduled job 'download_logs_1_1' for 'Mesin Absensi TGM & MKI' at cron [hour=12, minute=00]
2026-01-07 03:33:02,259 [INFO] ✓ Rescheduled job 'download_logs_1_2' for 'Mesin Absensi TGM & MKI' at cron [hour=15, minute=00]
2026-01-07 03:33:02,261 [INFO] ✓ Rescheduled job 'download_logs_1_3' for 'Mesin Absensi TGM & MKI' at cron [hour=18, minute=00]
2026-01-07 03:33:02,268 [INFO] 📋 All jobs registered: [<Job (id=download_logs_1_0 name=partial)>, <Job (id=download_logs_1_1 name=partial)>, <Job (id=download_logs_1_2 name=partial)>, <Job (id=download_logs_1_3 name=partial)>]
2026-01-07 03:33:02,269 [INFO] 🚀 Web server started
2026-01-07 03:53:48,928 [INFO] Found 1 machine(s) with schedules.
2026-01-07 03:53:48,966 [INFO] ✓ Rescheduled job 'download_logs_1_0' for 'Mesin Absensi TGM & MKI' at cron [hour=06, minute=00]
2026-01-07 03:53:48,968 [INFO] ✓ Rescheduled job 'download_logs_1_1' for 'Mesin Absensi TGM & MKI' at cron [hour=12, minute=00]
2026-01-07 03:53:48,971 [INFO] ✓ Rescheduled job 'download_logs_1_2' for 'Mesin Absensi TGM & MKI' at cron [hour=15, minute=00]
2026-01-07 03:53:48,973 [INFO] ✓ Rescheduled job 'download_logs_1_3' for 'Mesin Absensi TGM & MKI' at cron [hour=18, minute=00]
2026-01-07 03:53:48,984 [INFO] 📋 All jobs registered: [<Job (id=download_logs_1_0 name=partial)>, <Job (id=download_logs_1_1 name=partial)>, <Job (id=download_logs_1_2 name=partial)>, <Job (id=download_logs_1_3 name=partial)>]
2026-01-07 03:53:48,985 [INFO] 🚀 Web server started
2026-01-07 06:00:00,004 [INFO] 🕒 Scheduler triggered for 'Mesin Absensi TGM & MKI' (192.168.1.33:4370) at 2026-01-07 06:00:00.002759
2026-01-07 12:00:00,003 [INFO] 🕒 Scheduler triggered for 'Mesin Absensi TGM & MKI' (192.168.1.33:4370) at 2026-01-07 12:00:00.003424
2026-01-07 14:51:50,852 [INFO] Found 1 machine(s) with schedules.
2026-01-07 14:51:50,869 [INFO] ✓ Rescheduled job 'download_logs_1_0' for 'Mesin Absensi TGM & MKI' at cron [hour=06, minute=00]
2026-01-07 14:51:50,871 [INFO] ✓ Rescheduled job 'download_logs_1_1' for 'Mesin Absensi TGM & MKI' at cron [hour=12, minute=00]
2026-01-07 14:51:50,872 [INFO] ✓ Rescheduled job 'download_logs_1_2' for 'Mesin Absensi TGM & MKI' at cron [hour=15, minute=00]
2026-01-07 14:51:50,874 [INFO] ✓ Rescheduled job 'download_logs_1_3' for 'Mesin Absensi TGM & MKI' at cron [hour=18, minute=00]
2026-01-07 14:51:50,883 [INFO] 📋 All jobs registered: [<Job (id=download_logs_1_2 name=partial)>, <Job (id=download_logs_1_3 name=partial)>, <Job (id=download_logs_1_0 name=partial)>, <Job (id=download_logs_1_1 name=partial)>]
2026-01-07 14:51:50,884 [INFO] 🚀 Web server started
2026-01-07 15:00:00,003 [INFO] 🕒 Scheduler triggered for 'Mesin Absensi TGM & MKI' (192.168.1.33:4370) at 2026-01-07 15:00:00.003530
2026-01-07 16:27:23,601 [INFO] Found 1 machine(s) with schedules.
2026-01-07 16:27:23,623 [INFO] ✓ Rescheduled job 'download_logs_1_0' for 'Mesin Absensi TGM & MKI' at cron [hour=06, minute=00]
2026-01-07 16:27:23,625 [INFO] ✓ Rescheduled job 'download_logs_1_1' for 'Mesin Absensi TGM & MKI' at cron [hour=12, minute=00]
2026-01-07 16:27:23,627 [INFO] ✓ Rescheduled job 'download_logs_1_2' for 'Mesin Absensi TGM & MKI' at cron [hour=15, minute=00]
2026-01-07 16:27:23,630 [INFO] ✓ Rescheduled job 'download_logs_1_3' for 'Mesin Absensi TGM & MKI' at cron [hour=18, minute=00]
2026-01-07 16:27:23,642 [INFO] 📋 All jobs registered: [<Job (id=download_logs_1_3 name=partial)>, <Job (id=download_logs_1_0 name=partial)>, <Job (id=download_logs_1_1 name=partial)>, <Job (id=download_logs_1_2 name=partial)>]
2026-01-07 16:27:23,643 [INFO] 🚀 Web server started
2026-01-07 18:00:00,004 [INFO] 🕒 Scheduler triggered for 'Mesin Absensi TGM & MKI' (192.168.1.33:4370) at 2026-01-07 18:00:00.004186
2026-01-08 06:00:00,003 [INFO] 🕒 Scheduler triggered for 'Mesin Absensi TGM & MKI' (192.168.1.33:4370) at 2026-01-08 06:00:00.003535
2026-01-08 12:00:00,003 [INFO] 🕒 Scheduler triggered for 'Mesin Absensi TGM & MKI' (192.168.1.33:4370) at 2026-01-08 12:00:00.003394
2026-01-08 15:00:00,013 [INFO] 🕒 Scheduler triggered for 'Mesin Absensi TGM & MKI' (192.168.1.33:4370) at 2026-01-08 15:00:00.013493
2026-01-08 18:00:00,004 [INFO] 🕒 Scheduler triggered for 'Mesin Absensi TGM & MKI' (192.168.1.33:4370) at 2026-01-08 18:00:00.003842
2026-01-09 06:00:00,003 [INFO] 🕒 Scheduler triggered for 'Mesin Absensi TGM & MKI' (192.168.1.33:4370) at 2026-01-09 06:00:00.003496
2026-01-09 12:00:00,003 [INFO] 🕒 Scheduler triggered for 'Mesin Absensi TGM & MKI' (192.168.1.33:4370) at 2026-01-09 12:00:00.003299
2026-01-09 15:00:00,004 [INFO] 🕒 Scheduler triggered for 'Mesin Absensi TGM & MKI' (192.168.1.33:4370) at 2026-01-09 15:00:00.003893
2026-01-09 18:00:00,003 [INFO] 🕒 Scheduler triggered for 'Mesin Absensi TGM & MKI' (192.168.1.33:4370) at 2026-01-09 18:00:00.003496
2026-01-10 06:00:00,002 [INFO] 🕒 Scheduler triggered for 'Mesin Absensi TGM & MKI' (192.168.1.33:4370) at 2026-01-10 06:00:00.002583
2026-01-10 12:00:00,003 [INFO] 🕒 Scheduler triggered for 'Mesin Absensi TGM & MKI' (192.168.1.33:4370) at 2026-01-10 12:00:00.003842
2026-01-10 15:00:00,003 [INFO] 🕒 Scheduler triggered for 'Mesin Absensi TGM & MKI' (192.168.1.33:4370) at 2026-01-10 15:00:00.003662
2026-01-10 18:00:00,003 [INFO] 🕒 Scheduler triggered for 'Mesin Absensi TGM & MKI' (192.168.1.33:4370) at 2026-01-10 18:00:00.003318
2026-01-11 06:00:00,003 [INFO] 🕒 Scheduler triggered for 'Mesin Absensi TGM & MKI' (192.168.1.33:4370) at 2026-01-11 06:00:00.003237
2026-01-11 12:00:00,003 [INFO] 🕒 Scheduler triggered for 'Mesin Absensi TGM & MKI' (192.168.1.33:4370) at 2026-01-11 12:00:00.003288
2026-01-11 15:00:00,002 [INFO] 🕒 Scheduler triggered for 'Mesin Absensi TGM & MKI' (192.168.1.33:4370) at 2026-01-11 15:00:00.002755
2026-01-11 18:00:00,003 [INFO] 🕒 Scheduler triggered for 'Mesin Absensi TGM & MKI' (192.168.1.33:4370) at 2026-01-11 18:00:00.003338
2026-01-12 06:00:00,003 [INFO] 🕒 Scheduler triggered for 'Mesin Absensi TGM & MKI' (192.168.1.33:4370) at 2026-01-12 06:00:00.003628
2026-01-12 12:00:00,004 [INFO] 🕒 Scheduler triggered for 'Mesin Absensi TGM & MKI' (192.168.1.33:4370) at 2026-01-12 12:00:00.003862
2026-01-12 15:00:00,003 [INFO] 🕒 Scheduler triggered for 'Mesin Absensi TGM & MKI' (192.168.1.33:4370) at 2026-01-12 15:00:00.003512
2026-01-12 18:00:00,003 [INFO] 🕒 Scheduler triggered for 'Mesin Absensi TGM & MKI' (192.168.1.33:4370) at 2026-01-12 18:00:00.003391
2026-01-13 06:00:00,004 [INFO] 🕒 Scheduler triggered for 'Mesin Absensi TGM & MKI' (192.168.1.33:4370) at 2026-01-13 06:00:00.003930
2026-01-13 12:00:00,002 [INFO] 🕒 Scheduler triggered for 'Mesin Absensi TGM & MKI' (192.168.1.33:4370) at 2026-01-13 12:00:00.002581
2026-01-13 15:00:00,004 [INFO] 🕒 Scheduler triggered for 'Mesin Absensi TGM & MKI' (192.168.1.33:4370) at 2026-01-13 15:00:00.003790
2026-01-13 18:00:00,003 [INFO] 🕒 Scheduler triggered for 'Mesin Absensi TGM & MKI' (192.168.1.33:4370) at 2026-01-13 18:00:00.003537
2026-01-14 06:00:00,003 [INFO] 🕒 Scheduler triggered for 'Mesin Absensi TGM & MKI' (192.168.1.33:4370) at 2026-01-14 06:00:00.003495
2026-01-14 12:00:00,003 [INFO] 🕒 Scheduler triggered for 'Mesin Absensi TGM & MKI' (192.168.1.33:4370) at 2026-01-14 12:00:00.003554
2026-01-14 15:00:00,003 [INFO] 🕒 Scheduler triggered for 'Mesin Absensi TGM & MKI' (192.168.1.33:4370) at 2026-01-14 15:00:00.003470
2026-01-14 18:00:00,003 [INFO] 🕒 Scheduler triggered for 'Mesin Absensi TGM & MKI' (192.168.1.33:4370) at 2026-01-14 18:00:00.003513
2026-01-15 06:00:00,003 [INFO] 🕒 Scheduler triggered for 'Mesin Absensi TGM & MKI' (192.168.1.33:4370) at 2026-01-15 06:00:00.003319
2026-01-15 12:00:00,003 [INFO] 🕒 Scheduler triggered for 'Mesin Absensi TGM & MKI' (192.168.1.33:4370) at 2026-01-15 12:00:00.003619
2026-01-15 15:00:00,003 [INFO] 🕒 Scheduler triggered for 'Mesin Absensi TGM & MKI' (192.168.1.33:4370) at 2026-01-15 15:00:00.003809
2026-01-15 18:00:00,004 [INFO] 🕒 Scheduler triggered for 'Mesin Absensi TGM & MKI' (192.168.1.33:4370) at 2026-01-15 18:00:00.003853
2026-01-16 06:00:00,003 [INFO] 🕒 Scheduler triggered for 'Mesin Absensi TGM & MKI' (192.168.1.33:4370) at 2026-01-16 06:00:00.003425
2026-01-16 12:00:00,003 [INFO] 🕒 Scheduler triggered for 'Mesin Absensi TGM & MKI' (192.168.1.33:4370) at 2026-01-16 12:00:00.003443
2026-01-16 15:00:00,003 [INFO] 🕒 Scheduler triggered for 'Mesin Absensi TGM & MKI' (192.168.1.33:4370) at 2026-01-16 15:00:00.003397
2026-01-16 18:00:00,003 [INFO] 🕒 Scheduler triggered for 'Mesin Absensi TGM & MKI' (192.168.1.33:4370) at 2026-01-16 18:00:00.003689
2026-01-17 06:00:00,004 [INFO] 🕒 Scheduler triggered for 'Mesin Absensi TGM & MKI' (192.168.1.33:4370) at 2026-01-17 06:00:00.004139
2026-01-17 12:00:00,004 [INFO] 🕒 Scheduler triggered for 'Mesin Absensi TGM & MKI' (192.168.1.33:4370) at 2026-01-17 12:00:00.003876
2026-01-17 15:00:00,003 [INFO] 🕒 Scheduler triggered for 'Mesin Absensi TGM & MKI' (192.168.1.33:4370) at 2026-01-17 15:00:00.003502
2026-01-17 18:00:00,003 [INFO] 🕒 Scheduler triggered for 'Mesin Absensi TGM & MKI' (192.168.1.33:4370) at 2026-01-17 18:00:00.003377
2026-01-18 06:00:00,003 [INFO] 🕒 Scheduler triggered for 'Mesin Absensi TGM & MKI' (192.168.1.33:4370) at 2026-01-18 06:00:00.003448
2026-01-18 12:00:00,003 [INFO] 🕒 Scheduler triggered for 'Mesin Absensi TGM & MKI' (192.168.1.33:4370) at 2026-01-18 12:00:00.003701
2026-01-18 15:00:00,003 [INFO] 🕒 Scheduler triggered for 'Mesin Absensi TGM & MKI' (192.168.1.33:4370) at 2026-01-18 15:00:00.003511
2026-01-18 18:00:00,003 [INFO] 🕒 Scheduler triggered for 'Mesin Absensi TGM & MKI' (192.168.1.33:4370) at 2026-01-18 18:00:00.003780
2026-01-19 06:00:00,004 [INFO] 🕒 Scheduler triggered for 'Mesin Absensi TGM & MKI' (192.168.1.33:4370) at 2026-01-19 06:00:00.003844
2026-01-19 12:00:00,003 [INFO] 🕒 Scheduler triggered for 'Mesin Absensi TGM & MKI' (192.168.1.33:4370) at 2026-01-19 12:00:00.003347
2026-01-19 15:00:00,004 [INFO] 🕒 Scheduler triggered for 'Mesin Absensi TGM & MKI' (192.168.1.33:4370) at 2026-01-19 15:00:00.003801
2026-01-19 18:00:00,004 [INFO] 🕒 Scheduler triggered for 'Mesin Absensi TGM & MKI' (192.168.1.33:4370) at 2026-01-19 18:00:00.004158
2026-01-20 06:00:00,003 [INFO] 🕒 Scheduler triggered for 'Mesin Absensi TGM & MKI' (192.168.1.33:4370) at 2026-01-20 06:00:00.003431
2026-01-20 10:56:50,568 [INFO] Found 1 machine(s) with schedules.
2026-01-20 10:56:50,620 [INFO] ✓ Rescheduled job 'download_logs_1_0' for 'Mesin Absensi TGM & MKI' at cron [hour=06, minute=00]
2026-01-20 10:56:50,622 [INFO] ✓ Rescheduled job 'download_logs_1_1' for 'Mesin Absensi TGM & MKI' at cron [hour=12, minute=00]
2026-01-20 10:56:50,625 [INFO] ✓ Rescheduled job 'download_logs_1_2' for 'Mesin Absensi TGM & MKI' at cron [hour=15, minute=00]
2026-01-20 10:56:50,628 [INFO] ✓ Rescheduled job 'download_logs_1_3' for 'Mesin Absensi TGM & MKI' at cron [hour=18, minute=00]
2026-01-20 10:56:50,638 [INFO] 📋 All jobs registered: [<Job (id=download_logs_1_1 name=partial)>, <Job (id=download_logs_1_2 name=partial)>, <Job (id=download_logs_1_3 name=partial)>, <Job (id=download_logs_1_0 name=partial)>]
2026-01-20 10:56:50,640 [INFO] 🚀 Web server started
2026-01-20 12:00:00,002 [INFO] 🕒 Scheduler triggered for 'Mesin Absensi TGM & MKI' (192.168.1.33:4370) at 2026-01-20 12:00:00.002233
2026-01-20 15:00:00,004 [INFO] 🕒 Scheduler triggered for 'Mesin Absensi TGM & MKI' (192.168.1.33:4370) at 2026-01-20 15:00:00.003996
2026-01-20 18:00:00,004 [INFO] 🕒 Scheduler triggered for 'Mesin Absensi TGM & MKI' (192.168.1.33:4370) at 2026-01-20 18:00:00.003853
2026-01-21 06:00:00,003 [INFO] 🕒 Scheduler triggered for 'Mesin Absensi TGM & MKI' (192.168.1.33:4370) at 2026-01-21 06:00:00.003635
2026-01-21 12:00:00,004 [INFO] 🕒 Scheduler triggered for 'Mesin Absensi TGM & MKI' (192.168.1.33:4370) at 2026-01-21 12:00:00.003861
2026-01-21 15:00:00,004 [INFO] 🕒 Scheduler triggered for 'Mesin Absensi TGM & MKI' (192.168.1.33:4370) at 2026-01-21 15:00:00.003938
2026-01-21 18:00:00,003 [INFO] 🕒 Scheduler triggered for 'Mesin Absensi TGM & MKI' (192.168.1.33:4370) at 2026-01-21 18:00:00.003786
2026-01-22 06:00:00,004 [INFO] 🕒 Scheduler triggered for 'Mesin Absensi TGM & MKI' (192.168.1.33:4370) at 2026-01-22 06:00:00.003841
2026-01-22 12:00:00,004 [INFO] 🕒 Scheduler triggered for 'Mesin Absensi TGM & MKI' (192.168.1.33:4370) at 2026-01-22 12:00:00.003910
2026-01-22 15:00:00,004 [INFO] 🕒 Scheduler triggered for 'Mesin Absensi TGM & MKI' (192.168.1.33:4370) at 2026-01-22 15:00:00.003865
2026-01-22 18:00:00,004 [INFO] 🕒 Scheduler triggered for 'Mesin Absensi TGM & MKI' (192.168.1.33:4370) at 2026-01-22 18:00:00.003871
2026-01-23 06:00:00,004 [INFO] 🕒 Scheduler triggered for 'Mesin Absensi TGM & MKI' (192.168.1.33:4370) at 2026-01-23 06:00:00.003968
2026-01-23 12:00:00,004 [INFO] 🕒 Scheduler triggered for 'Mesin Absensi TGM & MKI' (192.168.1.33:4370) at 2026-01-23 12:00:00.003898
2026-01-23 15:00:00,003 [INFO] 🕒 Scheduler triggered for 'Mesin Absensi TGM & MKI' (192.168.1.33:4370) at 2026-01-23 15:00:00.003455
2026-01-23 18:00:00,003 [INFO] 🕒 Scheduler triggered for 'Mesin Absensi TGM & MKI' (192.168.1.33:4370) at 2026-01-23 18:00:00.003508
2026-01-24 06:00:00,004 [INFO] 🕒 Scheduler triggered for 'Mesin Absensi TGM & MKI' (192.168.1.33:4370) at 2026-01-24 06:00:00.003834
2026-01-24 12:00:00,003 [INFO] 🕒 Scheduler triggered for 'Mesin Absensi TGM & MKI' (192.168.1.33:4370) at 2026-01-24 12:00:00.003674
2026-01-24 15:00:00,003 [INFO] 🕒 Scheduler triggered for 'Mesin Absensi TGM & MKI' (192.168.1.33:4370) at 2026-01-24 15:00:00.003334
2026-01-24 18:00:00,004 [INFO] 🕒 Scheduler triggered for 'Mesin Absensi TGM & MKI' (192.168.1.33:4370) at 2026-01-24 18:00:00.003904
2026-01-25 06:00:00,003 [INFO] 🕒 Scheduler triggered for 'Mesin Absensi TGM & MKI' (192.168.1.33:4370) at 2026-01-25 06:00:00.003583
2026-01-25 12:00:00,004 [INFO] 🕒 Scheduler triggered for 'Mesin Absensi TGM & MKI' (192.168.1.33:4370) at 2026-01-25 12:00:00.004058
2026-01-25 15:00:00,003 [INFO] 🕒 Scheduler triggered for 'Mesin Absensi TGM & MKI' (192.168.1.33:4370) at 2026-01-25 15:00:00.003818
2026-01-25 18:00:00,004 [INFO] 🕒 Scheduler triggered for 'Mesin Absensi TGM & MKI' (192.168.1.33:4370) at 2026-01-25 18:00:00.003954
2026-01-26 06:00:00,004 [INFO] 🕒 Scheduler triggered for 'Mesin Absensi TGM & MKI' (192.168.1.33:4370) at 2026-01-26 06:00:00.003819
2026-01-26 12:00:00,004 [INFO] 🕒 Scheduler triggered for 'Mesin Absensi TGM & MKI' (192.168.1.33:4370) at 2026-01-26 12:00:00.003933
2026-01-26 15:00:00,004 [INFO] 🕒 Scheduler triggered for 'Mesin Absensi TGM & MKI' (192.168.1.33:4370) at 2026-01-26 15:00:00.003790
2026-01-26 16:08:14,065 [INFO] Found 1 machine(s) with schedules.
2026-01-26 16:08:14,102 [INFO] ✓ Rescheduled job 'download_logs_1_0' for 'Mesin Absensi TGM & MKI' at cron [hour=06, minute=00]
2026-01-26 16:08:14,104 [INFO] ✓ Rescheduled job 'download_logs_1_1' for 'Mesin Absensi TGM & MKI' at cron [hour=12, minute=00]
2026-01-26 16:08:14,106 [INFO] ✓ Rescheduled job 'download_logs_1_2' for 'Mesin Absensi TGM & MKI' at cron [hour=15, minute=00]
2026-01-26 16:08:14,107 [INFO] ✓ Rescheduled job 'download_logs_1_3' for 'Mesin Absensi TGM & MKI' at cron [hour=18, minute=00]
2026-01-26 16:08:14,116 [INFO] 📋 All jobs registered: [<Job (id=download_logs_1_3 name=partial)>, <Job (id=download_logs_1_0 name=partial)>, <Job (id=download_logs_1_1 name=partial)>, <Job (id=download_logs_1_2 name=partial)>]
2026-01-26 16:08:14,117 [INFO] 🚀 Web server started
2026-01-26 16:29:46,216 [INFO] Found 1 machine(s) with schedules.
2026-01-26 16:29:46,242 [INFO] ✓ Rescheduled job 'download_logs_1_0' for 'Mesin Absensi TGM & MKI' at cron [hour=06, minute=00]
2026-01-26 16:29:46,244 [INFO] ✓ Rescheduled job 'download_logs_1_1' for 'Mesin Absensi TGM & MKI' at cron [hour=12, minute=00]
2026-01-26 16:29:46,245 [INFO] ✓ Rescheduled job 'download_logs_1_2' for 'Mesin Absensi TGM & MKI' at cron [hour=15, minute=00]
2026-01-26 16:29:46,246 [INFO] ✓ Rescheduled job 'download_logs_1_3' for 'Mesin Absensi TGM & MKI' at cron [hour=18, minute=00]
2026-01-26 16:29:46,256 [INFO] 📋 All jobs registered: [<Job (id=download_logs_1_3 name=partial)>, <Job (id=download_logs_1_0 name=partial)>, <Job (id=download_logs_1_1 name=partial)>, <Job (id=download_logs_1_2 name=partial)>]
2026-01-26 16:29:46,257 [INFO] 🚀 Web server started
2026-01-26 16:38:19,380 [INFO] Found 1 machine(s) with schedules.
2026-01-26 16:38:19,406 [INFO] ✓ Rescheduled job 'download_logs_1_0' for 'Mesin Absensi TGM & MKI' at cron [hour=06, minute=00]
2026-01-26 16:38:19,408 [INFO] ✓ Rescheduled job 'download_logs_1_1' for 'Mesin Absensi TGM & MKI' at cron [hour=12, minute=00]
2026-01-26 16:38:19,410 [INFO] ✓ Rescheduled job 'download_logs_1_2' for 'Mesin Absensi TGM & MKI' at cron [hour=15, minute=00]
2026-01-26 16:38:19,412 [INFO] ✓ Rescheduled job 'download_logs_1_3' for 'Mesin Absensi TGM & MKI' at cron [hour=18, minute=00]
2026-01-26 16:38:19,421 [INFO] 📋 All jobs registered: [<Job (id=download_logs_1_3 name=partial)>, <Job (id=download_logs_1_0 name=partial)>, <Job (id=download_logs_1_1 name=partial)>, <Job (id=download_logs_1_2 name=partial)>]
2026-01-26 16:38:19,422 [INFO] 🚀 Web server started
2026-01-26 16:47:31,110 [INFO] Found 1 machine(s) with schedules.
2026-01-26 16:47:31,139 [INFO] ✓ Rescheduled job 'download_logs_1_0' for 'Mesin Absensi TGM & MKI' at cron [hour=06, minute=00]
2026-01-26 16:47:31,141 [INFO] ✓ Rescheduled job 'download_logs_1_1' for 'Mesin Absensi TGM & MKI' at cron [hour=12, minute=00]
2026-01-26 16:47:31,143 [INFO] ✓ Rescheduled job 'download_logs_1_2' for 'Mesin Absensi TGM & MKI' at cron [hour=15, minute=00]
2026-01-26 16:47:31,144 [INFO] ✓ Rescheduled job 'download_logs_1_3' for 'Mesin Absensi TGM & MKI' at cron [hour=18, minute=00]
2026-01-26 16:47:31,157 [INFO] 📋 All jobs registered: [<Job (id=download_logs_1_3 name=partial)>, <Job (id=download_logs_1_0 name=partial)>, <Job (id=download_logs_1_1 name=partial)>, <Job (id=download_logs_1_2 name=partial)>]
2026-01-26 16:47:31,158 [INFO] 🚀 Web server started
2026-01-26 16:50:40,788 [INFO] Found 1 machine(s) with schedules.
2026-01-26 16:50:40,813 [INFO] ✓ Rescheduled job 'download_logs_1_0' for 'Mesin Absensi TGM & MKI' at cron [hour=06, minute=00]
2026-01-26 16:50:40,815 [INFO] ✓ Rescheduled job 'download_logs_1_1' for 'Mesin Absensi TGM & MKI' at cron [hour=12, minute=00]
2026-01-26 16:50:40,817 [INFO] ✓ Rescheduled job 'download_logs_1_2' for 'Mesin Absensi TGM & MKI' at cron [hour=15, minute=00]
2026-01-26 16:50:40,818 [INFO] ✓ Rescheduled job 'download_logs_1_3' for 'Mesin Absensi TGM & MKI' at cron [hour=18, minute=00]
2026-01-26 16:50:40,827 [INFO] 📋 All jobs registered: [<Job (id=download_logs_1_3 name=partial)>, <Job (id=download_logs_1_0 name=partial)>, <Job (id=download_logs_1_1 name=partial)>, <Job (id=download_logs_1_2 name=partial)>]
2026-01-26 16:50:40,828 [INFO] 🚀 Web server started
2026-01-26 17:01:51,094 [INFO] Found 1 machine(s) with schedules.
2026-01-26 17:01:51,128 [INFO] ✓ Rescheduled job 'download_logs_1_0' for 'Mesin Absensi TGM & MKI' at cron [hour=06, minute=00]
2026-01-26 17:01:51,131 [INFO] ✓ Rescheduled job 'download_logs_1_1' for 'Mesin Absensi TGM & MKI' at cron [hour=12, minute=00]
2026-01-26 17:01:51,135 [INFO] ✓ Rescheduled job 'download_logs_1_2' for 'Mesin Absensi TGM & MKI' at cron [hour=15, minute=00]
2026-01-26 17:01:51,138 [INFO] ✓ Rescheduled job 'download_logs_1_3' for 'Mesin Absensi TGM & MKI' at cron [hour=18, minute=00]
2026-01-26 17:01:51,148 [INFO] 📋 All jobs registered: [<Job (id=download_logs_1_3 name=partial)>, <Job (id=download_logs_1_0 name=partial)>, <Job (id=download_logs_1_1 name=partial)>, <Job (id=download_logs_1_2 name=partial)>]
2026-01-26 17:01:51,149 [INFO] 🚀 Web server started
2026-01-26 18:00:00,003 [INFO] 🕒 Scheduler triggered for 'Mesin Absensi TGM & MKI' (192.168.1.33:4370) at 2026-01-26 18:00:00.003783
2026-01-27 06:00:00,002 [INFO] 🕒 Scheduler triggered for 'Mesin Absensi TGM & MKI' (192.168.1.33:4370) at 2026-01-27 06:00:00.002504
2026-01-27 12:00:00,003 [INFO] 🕒 Scheduler triggered for 'Mesin Absensi TGM & MKI' (192.168.1.33:4370) at 2026-01-27 12:00:00.003405
2026-01-27 15:00:00,004 [INFO] 🕒 Scheduler triggered for 'Mesin Absensi TGM & MKI' (192.168.1.33:4370) at 2026-01-27 15:00:00.003859
2026-01-27 18:00:00,002 [INFO] 🕒 Scheduler triggered for 'Mesin Absensi TGM & MKI' (192.168.1.33:4370) at 2026-01-27 18:00:00.002390
2026-01-28 06:00:00,003 [INFO] 🕒 Scheduler triggered for 'Mesin Absensi TGM & MKI' (192.168.1.33:4370) at 2026-01-28 06:00:00.003432
2026-01-28 11:45:03,591 [INFO] Found 1 machine(s) with schedules.
2026-01-28 11:45:03,620 [INFO] ✓ Rescheduled job 'download_logs_1_0' for 'Mesin Absensi TGM & MKI' at cron [hour=06, minute=00]
2026-01-28 11:45:03,622 [INFO] ✓ Rescheduled job 'download_logs_1_1' for 'Mesin Absensi TGM & MKI' at cron [hour=12, minute=00]
2026-01-28 11:45:03,623 [INFO] ✓ Rescheduled job 'download_logs_1_2' for 'Mesin Absensi TGM & MKI' at cron [hour=15, minute=00]
2026-01-28 11:45:03,624 [INFO] ✓ Rescheduled job 'download_logs_1_3' for 'Mesin Absensi TGM & MKI' at cron [hour=18, minute=00]
2026-01-28 11:45:03,634 [INFO] 📋 All jobs registered: [<Job (id=download_logs_1_1 name=partial)>, <Job (id=download_logs_1_2 name=partial)>, <Job (id=download_logs_1_3 name=partial)>, <Job (id=download_logs_1_0 name=partial)>]
2026-01-28 11:45:03,635 [INFO] 🚀 Web server started
2026-01-28 12:00:00,002 [INFO] 🕒 Scheduler triggered for 'Mesin Absensi TGM & MKI' (192.168.1.33:4370) at 2026-01-28 12:00:00.002415
2026-01-28 16:12:22,341 [INFO] Found 1 machine(s) with schedules.
2026-01-28 16:12:22,376 [INFO] ✓ Rescheduled job 'download_logs_1_0' for 'Mesin Absensi TGM & MKI' at cron [hour=06, minute=00]
2026-01-28 16:12:22,378 [INFO] ✓ Rescheduled job 'download_logs_1_1' for 'Mesin Absensi TGM & MKI' at cron [hour=12, minute=00]
2026-01-28 16:12:22,380 [INFO] ✓ Rescheduled job 'download_logs_1_2' for 'Mesin Absensi TGM & MKI' at cron [hour=15, minute=00]
2026-01-28 16:12:22,383 [INFO] ✓ Rescheduled job 'download_logs_1_3' for 'Mesin Absensi TGM & MKI' at cron [hour=18, minute=00]
2026-01-28 16:12:22,392 [INFO] 📋 All jobs registered: [<Job (id=download_logs_1_3 name=partial)>, <Job (id=download_logs_1_0 name=partial)>, <Job (id=download_logs_1_1 name=partial)>, <Job (id=download_logs_1_2 name=partial)>]
2026-01-28 16:12:22,393 [INFO] 🚀 Web server started
2026-01-28 16:39:59,862 [INFO] Found 1 machine(s) with schedules.
2026-01-28 16:39:59,900 [INFO] ✓ Rescheduled job 'download_logs_1_0' for 'Mesin Absensi TGM & MKI' at cron [hour=06, minute=00]
2026-01-28 16:39:59,903 [INFO] ✓ Rescheduled job 'download_logs_1_1' for 'Mesin Absensi TGM & MKI' at cron [hour=12, minute=00]
2026-01-28 16:39:59,905 [INFO] ✓ Rescheduled job 'download_logs_1_2' for 'Mesin Absensi TGM & MKI' at cron [hour=15, minute=00]
2026-01-28 16:39:59,907 [INFO] ✓ Rescheduled job 'download_logs_1_3' for 'Mesin Absensi TGM & MKI' at cron [hour=18, minute=00]
2026-01-28 16:39:59,916 [INFO] 📋 All jobs registered: [<Job (id=download_logs_1_3 name=partial)>, <Job (id=download_logs_1_0 name=partial)>, <Job (id=download_logs_1_1 name=partial)>, <Job (id=download_logs_1_2 name=partial)>]
2026-01-28 16:39:59,917 [INFO] 🚀 Web server started
2026-01-28 18:00:00,003 [INFO] 🕒 Scheduler triggered for 'Mesin Absensi TGM & MKI' (192.168.1.33:4370) at 2026-01-28 18:00:00.003781
2026-01-29 06:00:00,004 [INFO] 🕒 Scheduler triggered for 'Mesin Absensi TGM & MKI' (192.168.1.33:4370) at 2026-01-29 06:00:00.004029
2026-01-29 12:00:00,003 [INFO] 🕒 Scheduler triggered for 'Mesin Absensi TGM & MKI' (192.168.1.33:4370) at 2026-01-29 12:00:00.003487
2026-01-29 15:00:00,003 [INFO] 🕒 Scheduler triggered for 'Mesin Absensi TGM & MKI' (192.168.1.33:4370) at 2026-01-29 15:00:00.003650
2026-01-29 17:29:30,688 [INFO] Found 1 machine(s) with schedules.
2026-01-29 17:29:30,711 [INFO] ✓ Rescheduled job 'download_logs_1_0' for 'Mesin Absensi TGM & MKI' at cron [hour=06, minute=00]
2026-01-29 17:29:30,713 [INFO] ✓ Rescheduled job 'download_logs_1_1' for 'Mesin Absensi TGM & MKI' at cron [hour=12, minute=00]
2026-01-29 17:29:30,714 [INFO] ✓ Rescheduled job 'download_logs_1_2' for 'Mesin Absensi TGM & MKI' at cron [hour=15, minute=00]
2026-01-29 17:29:30,715 [INFO] ✓ Rescheduled job 'download_logs_1_3' for 'Mesin Absensi TGM & MKI' at cron [hour=18, minute=00]
2026-01-29 17:29:30,723 [INFO] 📋 All jobs registered: [<Job (id=download_logs_1_3 name=partial)>, <Job (id=download_logs_1_0 name=partial)>, <Job (id=download_logs_1_1 name=partial)>, <Job (id=download_logs_1_2 name=partial)>]
2026-01-29 17:29:30,723 [INFO] 🚀 Web server started
2026-01-29 17:33:22,630 [INFO] Found 1 machine(s) with schedules.
2026-01-29 17:33:22,667 [INFO] ✓ Rescheduled job 'download_logs_1_0' for 'Mesin Absensi TGM & MKI' at cron [hour=06, minute=00]
2026-01-29 17:33:22,669 [INFO] ✓ Rescheduled job 'download_logs_1_1' for 'Mesin Absensi TGM & MKI' at cron [hour=12, minute=00]
2026-01-29 17:33:22,670 [INFO] ✓ Rescheduled job 'download_logs_1_2' for 'Mesin Absensi TGM & MKI' at cron [hour=15, minute=00]
2026-01-29 17:33:22,671 [INFO] ✓ Rescheduled job 'download_logs_1_3' for 'Mesin Absensi TGM & MKI' at cron [hour=18, minute=00]
2026-01-29 17:33:22,680 [INFO] 📋 All jobs registered: [<Job (id=download_logs_1_3 name=partial)>, <Job (id=download_logs_1_0 name=partial)>, <Job (id=download_logs_1_1 name=partial)>, <Job (id=download_logs_1_2 name=partial)>]
2026-01-29 17:33:22,681 [INFO] 🚀 Web server started
2026-01-29 17:49:53,024 [INFO] Found 1 machine(s) with schedules.
2026-01-29 17:49:53,063 [INFO] ✓ Rescheduled job 'download_logs_1_0' for 'Mesin Absensi TGM & MKI' at cron [hour=06, minute=00]
2026-01-29 17:49:53,065 [INFO] ✓ Rescheduled job 'download_logs_1_1' for 'Mesin Absensi TGM & MKI' at cron [hour=12, minute=00]
2026-01-29 17:49:53,067 [INFO] ✓ Rescheduled job 'download_logs_1_2' for 'Mesin Absensi TGM & MKI' at cron [hour=15, minute=00]
2026-01-29 17:49:53,069 [INFO] ✓ Rescheduled job 'download_logs_1_3' for 'Mesin Absensi TGM & MKI' at cron [hour=18, minute=00]
2026-01-29 17:49:53,078 [INFO] 📋 All jobs registered: [<Job (id=download_logs_1_3 name=partial)>, <Job (id=download_logs_1_0 name=partial)>, <Job (id=download_logs_1_1 name=partial)>, <Job (id=download_logs_1_2 name=partial)>]
2026-01-29 17:49:53,079 [INFO] 🚀 Web server started
2026-01-29 17:56:48,850 [INFO] Found 1 machine(s) with schedules.
2026-01-29 17:56:48,900 [INFO] ✓ Rescheduled job 'download_logs_1_0' for 'Mesin Absensi TGM & MKI' at cron [hour=06, minute=00]
2026-01-29 17:56:48,903 [INFO] ✓ Rescheduled job 'download_logs_1_1' for 'Mesin Absensi TGM & MKI' at cron [hour=12, minute=00]
2026-01-29 17:56:48,905 [INFO] ✓ Rescheduled job 'download_logs_1_2' for 'Mesin Absensi TGM & MKI' at cron [hour=15, minute=00]
2026-01-29 17:56:48,907 [INFO] ✓ Rescheduled job 'download_logs_1_3' for 'Mesin Absensi TGM & MKI' at cron [hour=18, minute=00]
2026-01-29 17:56:48,934 [INFO] 📋 All jobs registered: [<Job (id=download_logs_1_3 name=partial)>, <Job (id=download_logs_1_0 name=partial)>, <Job (id=download_logs_1_1 name=partial)>, <Job (id=download_logs_1_2 name=partial)>]
2026-01-29 17:56:48,935 [INFO] 🚀 Web server started
2026-01-29 18:00:00,004 [INFO] 🕒 Scheduler triggered for 'Mesin Absensi TGM & MKI' (192.168.1.33:4370) at 2026-01-29 18:00:00.004279
2026-01-29 18:52:25,544 [INFO] Found 1 machine(s) with schedules.
2026-01-29 18:52:25,583 [INFO] ✓ Rescheduled job 'download_logs_1_0' for 'Mesin Absensi TGM & MKI' at cron [hour=06, minute=00]
2026-01-29 18:52:25,586 [INFO] ✓ Rescheduled job 'download_logs_1_1' for 'Mesin Absensi TGM & MKI' at cron [hour=12, minute=00]
2026-01-29 18:52:25,588 [INFO] ✓ Rescheduled job 'download_logs_1_2' for 'Mesin Absensi TGM & MKI' at cron [hour=15, minute=00]
2026-01-29 18:52:25,590 [INFO] ✓ Rescheduled job 'download_logs_1_3' for 'Mesin Absensi TGM & MKI' at cron [hour=18, minute=00]
2026-01-29 18:52:25,601 [INFO] 📋 All jobs registered: [<Job (id=download_logs_1_0 name=partial)>, <Job (id=download_logs_1_1 name=partial)>, <Job (id=download_logs_1_2 name=partial)>, <Job (id=download_logs_1_3 name=partial)>]
2026-01-29 18:52:25,602 [INFO] 🚀 Web server started
2026-01-29 18:55:24,716 [INFO] Found 1 machine(s) with schedules.
2026-01-29 18:55:24,750 [INFO] ✓ Rescheduled job 'download_logs_1_0' for 'Mesin Absensi TGM & MKI' at cron [hour=06, minute=00]
2026-01-29 18:55:24,752 [INFO] ✓ Rescheduled job 'download_logs_1_1' for 'Mesin Absensi TGM & MKI' at cron [hour=12, minute=00]
2026-01-29 18:55:24,754 [INFO] ✓ Rescheduled job 'download_logs_1_2' for 'Mesin Absensi TGM & MKI' at cron [hour=15, minute=00]
2026-01-29 18:55:24,756 [INFO] ✓ Rescheduled job 'download_logs_1_3' for 'Mesin Absensi TGM & MKI' at cron [hour=18, minute=00]
2026-01-29 18:55:24,765 [INFO] 📋 All jobs registered: [<Job (id=download_logs_1_0 name=partial)>, <Job (id=download_logs_1_1 name=partial)>, <Job (id=download_logs_1_2 name=partial)>, <Job (id=download_logs_1_3 name=partial)>]
2026-01-29 18:55:24,766 [INFO] 🚀 Web server started
2026-01-29 18:59:19,517 [INFO] Found 1 machine(s) with schedules.
2026-01-29 18:59:19,550 [INFO] ✓ Rescheduled job 'download_logs_1_0' for 'Mesin Absensi TGM & MKI' at cron [hour=06, minute=00]
2026-01-29 18:59:19,553 [INFO] ✓ Rescheduled job 'download_logs_1_1' for 'Mesin Absensi TGM & MKI' at cron [hour=12, minute=00]
2026-01-29 18:59:19,555 [INFO] ✓ Rescheduled job 'download_logs_1_2' for 'Mesin Absensi TGM & MKI' at cron [hour=15, minute=00]
2026-01-29 18:59:19,558 [INFO] ✓ Rescheduled job 'download_logs_1_3' for 'Mesin Absensi TGM & MKI' at cron [hour=18, minute=00]
2026-01-29 18:59:19,570 [INFO] 📋 All jobs registered: [<Job (id=download_logs_1_0 name=partial)>, <Job (id=download_logs_1_1 name=partial)>, <Job (id=download_logs_1_2 name=partial)>, <Job (id=download_logs_1_3 name=partial)>]
2026-01-29 18:59:19,571 [INFO] 🚀 Web server started
2026-01-29 19:01:55,714 [INFO] Found 1 machine(s) with schedules.
2026-01-29 19:01:55,743 [INFO] ✓ Rescheduled job 'download_logs_1_0' for 'Mesin Absensi TGM & MKI' at cron [hour=06, minute=00]
2026-01-29 19:01:55,746 [INFO] ✓ Rescheduled job 'download_logs_1_1' for 'Mesin Absensi TGM & MKI' at cron [hour=12, minute=00]
2026-01-29 19:01:55,749 [INFO] ✓ Rescheduled job 'download_logs_1_2' for 'Mesin Absensi TGM & MKI' at cron [hour=15, minute=00]
2026-01-29 19:01:55,750 [INFO] ✓ Rescheduled job 'download_logs_1_3' for 'Mesin Absensi TGM & MKI' at cron [hour=18, minute=00]
2026-01-29 19:01:55,758 [INFO] 📋 All jobs registered: [<Job (id=download_logs_1_0 name=partial)>, <Job (id=download_logs_1_1 name=partial)>, <Job (id=download_logs_1_2 name=partial)>, <Job (id=download_logs_1_3 name=partial)>]
2026-01-29 19:01:55,759 [INFO] 🚀 Web server started
2026-01-29 19:03:33,898 [INFO] Found 1 machine(s) with schedules.
2026-01-29 19:03:33,923 [INFO] ✓ Rescheduled job 'download_logs_1_0' for 'Mesin Absensi TGM & MKI' at cron [hour=06, minute=00]
2026-01-29 19:03:33,925 [INFO] ✓ Rescheduled job 'download_logs_1_1' for 'Mesin Absensi TGM & MKI' at cron [hour=12, minute=00]
2026-01-29 19:03:33,926 [INFO] ✓ Rescheduled job 'download_logs_1_2' for 'Mesin Absensi TGM & MKI' at cron [hour=15, minute=00]
2026-01-29 19:03:33,928 [INFO] ✓ Rescheduled job 'download_logs_1_3' for 'Mesin Absensi TGM & MKI' at cron [hour=18, minute=00]
2026-01-29 19:03:33,942 [INFO] 📋 All jobs registered: [<Job (id=download_logs_1_0 name=partial)>, <Job (id=download_logs_1_1 name=partial)>, <Job (id=download_logs_1_2 name=partial)>, <Job (id=download_logs_1_3 name=partial)>]
2026-01-29 19:03:33,943 [INFO] 🚀 Web server started
2026-01-29 19:17:06,210 [INFO] Found 1 machine(s) with schedules.
2026-01-29 19:17:06,251 [INFO] ✓ Rescheduled job 'download_logs_1_0' for 'Mesin Absensi TGM & MKI' at cron [hour=06, minute=00]
2026-01-29 19:17:06,253 [INFO] ✓ Rescheduled job 'download_logs_1_1' for 'Mesin Absensi TGM & MKI' at cron [hour=12, minute=00]
2026-01-29 19:17:06,255 [INFO] ✓ Rescheduled job 'download_logs_1_2' for 'Mesin Absensi TGM & MKI' at cron [hour=15, minute=00]
2026-01-29 19:17:06,257 [INFO] ✓ Rescheduled job 'download_logs_1_3' for 'Mesin Absensi TGM & MKI' at cron [hour=18, minute=00]
2026-01-29 19:17:06,266 [INFO] 📋 All jobs registered: [<Job (id=download_logs_1_0 name=partial)>, <Job (id=download_logs_1_1 name=partial)>, <Job (id=download_logs_1_2 name=partial)>, <Job (id=download_logs_1_3 name=partial)>]
2026-01-29 19:17:06,267 [INFO] 🚀 Web server started
2026-01-29 19:50:24,003 [INFO] Found 1 machine(s) with schedules.
2026-01-29 19:50:24,038 [INFO] ✓ Rescheduled job 'download_logs_1_0' for 'Mesin Absensi TGM & MKI' at cron [hour=06, minute=00]
2026-01-29 19:50:24,040 [INFO] ✓ Rescheduled job 'download_logs_1_1' for 'Mesin Absensi TGM & MKI' at cron [hour=12, minute=00]
2026-01-29 19:50:24,041 [INFO] ✓ Rescheduled job 'download_logs_1_2' for 'Mesin Absensi TGM & MKI' at cron [hour=15, minute=00]
2026-01-29 19:50:24,042 [INFO] ✓ Rescheduled job 'download_logs_1_3' for 'Mesin Absensi TGM & MKI' at cron [hour=18, minute=00]
2026-01-29 19:50:24,050 [INFO] 📋 All jobs registered: [<Job (id=download_logs_1_0 name=partial)>, <Job (id=download_logs_1_1 name=partial)>, <Job (id=download_logs_1_2 name=partial)>, <Job (id=download_logs_1_3 name=partial)>]
2026-01-29 19:50:24,051 [INFO] 🚀 Web server started
2026-01-29 19:55:15,344 [INFO] Found 1 machine(s) with schedules.
2026-01-29 19:55:15,375 [INFO] ✓ Rescheduled job 'download_logs_1_0' for 'Mesin Absensi TGM & MKI' at cron [hour=06, minute=00]
2026-01-29 19:55:15,378 [INFO] ✓ Rescheduled job 'download_logs_1_1' for 'Mesin Absensi TGM & MKI' at cron [hour=12, minute=00]
2026-01-29 19:55:15,381 [INFO] ✓ Rescheduled job 'download_logs_1_2' for 'Mesin Absensi TGM & MKI' at cron [hour=15, minute=00]
2026-01-29 19:55:15,383 [INFO] ✓ Rescheduled job 'download_logs_1_3' for 'Mesin Absensi TGM & MKI' at cron [hour=18, minute=00]
2026-01-29 19:55:15,397 [INFO] 📋 All jobs registered: [<Job (id=download_logs_1_0 name=partial)>, <Job (id=download_logs_1_1 name=partial)>, <Job (id=download_logs_1_2 name=partial)>, <Job (id=download_logs_1_3 name=partial)>]
2026-01-29 19:55:15,398 [INFO] 🚀 Web server started
2026-01-29 20:13:15,697 [INFO] Found 1 machine(s) with schedules.
2026-01-29 20:13:15,733 [INFO] ✓ Rescheduled job 'download_logs_1_0' for 'Mesin Absensi TGM & MKI' at cron [hour=06, minute=00]
2026-01-29 20:13:15,735 [INFO] ✓ Rescheduled job 'download_logs_1_1' for 'Mesin Absensi TGM & MKI' at cron [hour=12, minute=00]
2026-01-29 20:13:15,737 [INFO] ✓ Rescheduled job 'download_logs_1_2' for 'Mesin Absensi TGM & MKI' at cron [hour=15, minute=00]
2026-01-29 20:13:15,738 [INFO] ✓ Rescheduled job 'download_logs_1_3' for 'Mesin Absensi TGM & MKI' at cron [hour=18, minute=00]
2026-01-29 20:13:15,747 [INFO] 📋 All jobs registered: [<Job (id=download_logs_1_0 name=partial)>, <Job (id=download_logs_1_1 name=partial)>, <Job (id=download_logs_1_2 name=partial)>, <Job (id=download_logs_1_3 name=partial)>]
2026-01-29 20:13:15,748 [INFO] 🚀 Web server started
2026-01-29 20:19:06,315 [INFO] Found 1 machine(s) with schedules.
2026-01-29 20:19:06,347 [INFO] ✓ Rescheduled job 'download_logs_1_0' for 'Mesin Absensi TGM & MKI' at cron [hour=06, minute=00]
2026-01-29 20:19:06,349 [INFO] ✓ Rescheduled job 'download_logs_1_1' for 'Mesin Absensi TGM & MKI' at cron [hour=12, minute=00]
2026-01-29 20:19:06,351 [INFO] ✓ Rescheduled job 'download_logs_1_2' for 'Mesin Absensi TGM & MKI' at cron [hour=15, minute=00]
2026-01-29 20:19:06,356 [INFO] ✓ Rescheduled job 'download_logs_1_3' for 'Mesin Absensi TGM & MKI' at cron [hour=18, minute=00]
2026-01-29 20:19:06,368 [INFO] 📋 All jobs registered: [<Job (id=download_logs_1_0 name=partial)>, <Job (id=download_logs_1_1 name=partial)>, <Job (id=download_logs_1_2 name=partial)>, <Job (id=download_logs_1_3 name=partial)>]
2026-01-29 20:19:06,369 [INFO] 🚀 Web server started
2026-01-29 20:23:20,671 [INFO] Found 1 machine(s) with schedules.
2026-01-29 20:23:20,705 [INFO] ✓ Rescheduled job 'download_logs_1_0' for 'Mesin Absensi TGM & MKI' at cron [hour=06, minute=00]
2026-01-29 20:23:20,707 [INFO] ✓ Rescheduled job 'download_logs_1_1' for 'Mesin Absensi TGM & MKI' at cron [hour=12, minute=00]
2026-01-29 20:23:20,709 [INFO] ✓ Rescheduled job 'download_logs_1_2' for 'Mesin Absensi TGM & MKI' at cron [hour=15, minute=00]
2026-01-29 20:23:20,711 [INFO] ✓ Rescheduled job 'download_logs_1_3' for 'Mesin Absensi TGM & MKI' at cron [hour=18, minute=00]
2026-01-29 20:23:20,719 [INFO] 📋 All jobs registered: [<Job (id=download_logs_1_0 name=partial)>, <Job (id=download_logs_1_1 name=partial)>, <Job (id=download_logs_1_2 name=partial)>, <Job (id=download_logs_1_3 name=partial)>]
2026-01-29 20:23:20,720 [INFO] 🚀 Web server started
2026-01-29 20:42:51,383 [INFO] Found 1 machine(s) with schedules.
2026-01-29 20:42:51,420 [INFO] ✓ Rescheduled job 'download_logs_1_0' for 'Mesin Absensi TGM & MKI' at cron [hour=06, minute=00]
2026-01-29 20:42:51,423 [INFO] ✓ Rescheduled job 'download_logs_1_1' for 'Mesin Absensi TGM & MKI' at cron [hour=12, minute=00]
2026-01-29 20:42:51,425 [INFO] ✓ Rescheduled job 'download_logs_1_2' for 'Mesin Absensi TGM & MKI' at cron [hour=15, minute=00]
2026-01-29 20:42:51,427 [INFO] ✓ Rescheduled job 'download_logs_1_3' for 'Mesin Absensi TGM & MKI' at cron [hour=18, minute=00]
2026-01-29 20:42:51,436 [INFO] 📋 All jobs registered: [<Job (id=download_logs_1_0 name=partial)>, <Job (id=download_logs_1_1 name=partial)>, <Job (id=download_logs_1_2 name=partial)>, <Job (id=download_logs_1_3 name=partial)>]
2026-01-29 20:42:51,437 [INFO] 🚀 Web server started
2026-01-29 20:48:33,900 [INFO] Found 1 machine(s) with schedules.
2026-01-29 20:48:33,936 [INFO] ✓ Rescheduled job 'download_logs_1_0' for 'Mesin Absensi TGM & MKI' at cron [hour=06, minute=00]
2026-01-29 20:48:33,938 [INFO] ✓ Rescheduled job 'download_logs_1_1' for 'Mesin Absensi TGM & MKI' at cron [hour=12, minute=00]
2026-01-29 20:48:33,941 [INFO] ✓ Rescheduled job 'download_logs_1_2' for 'Mesin Absensi TGM & MKI' at cron [hour=15, minute=00]
2026-01-29 20:48:33,944 [INFO] ✓ Rescheduled job 'download_logs_1_3' for 'Mesin Absensi TGM & MKI' at cron [hour=18, minute=00]
2026-01-29 20:48:33,952 [INFO] 📋 All jobs registered: [<Job (id=download_logs_1_0 name=partial)>, <Job (id=download_logs_1_1 name=partial)>, <Job (id=download_logs_1_2 name=partial)>, <Job (id=download_logs_1_3 name=partial)>]
2026-01-29 20:48:33,953 [INFO] 🚀 Web server started
2026-01-29 21:05:39,839 [INFO] Found 1 machine(s) with schedules.
2026-01-29 21:05:39,863 [INFO] ✓ Rescheduled job 'download_logs_1_0' for 'Mesin Absensi TGM & MKI' at cron [hour=06, minute=00]
2026-01-29 21:05:39,865 [INFO] ✓ Rescheduled job 'download_logs_1_1' for 'Mesin Absensi TGM & MKI' at cron [hour=12, minute=00]
2026-01-29 21:05:39,867 [INFO] ✓ Rescheduled job 'download_logs_1_2' for 'Mesin Absensi TGM & MKI' at cron [hour=15, minute=00]
2026-01-29 21:05:39,869 [INFO] ✓ Rescheduled job 'download_logs_1_3' for 'Mesin Absensi TGM & MKI' at cron [hour=18, minute=00]
2026-01-29 21:05:39,877 [INFO] 📋 All jobs registered: [<Job (id=download_logs_1_0 name=partial)>, <Job (id=download_logs_1_1 name=partial)>, <Job (id=download_logs_1_2 name=partial)>, <Job (id=download_logs_1_3 name=partial)>]
2026-01-29 21:05:39,878 [INFO] 🚀 Web server started
2026-01-29 21:09:55,914 [INFO] Found 1 machine(s) with schedules.
2026-01-29 21:09:55,954 [INFO] ✓ Rescheduled job 'download_logs_1_0' for 'Mesin Absensi TGM & MKI' at cron [hour=06, minute=00]
2026-01-29 21:09:55,956 [INFO] ✓ Rescheduled job 'download_logs_1_1' for 'Mesin Absensi TGM & MKI' at cron [hour=12, minute=00]
2026-01-29 21:09:55,958 [INFO] ✓ Rescheduled job 'download_logs_1_2' for 'Mesin Absensi TGM & MKI' at cron [hour=15, minute=00]
2026-01-29 21:09:55,960 [INFO] ✓ Rescheduled job 'download_logs_1_3' for 'Mesin Absensi TGM & MKI' at cron [hour=18, minute=00]
2026-01-29 21:09:55,972 [INFO] 📋 All jobs registered: [<Job (id=download_logs_1_0 name=partial)>, <Job (id=download_logs_1_1 name=partial)>, <Job (id=download_logs_1_2 name=partial)>, <Job (id=download_logs_1_3 name=partial)>]
2026-01-29 21:09:55,974 [INFO] 🚀 Web server started
2026-01-29 21:12:55,391 [INFO] Found 1 machine(s) with schedules.
2026-01-29 21:12:55,426 [INFO] ✓ Rescheduled job 'download_logs_1_0' for 'Mesin Absensi TGM & MKI' at cron [hour=06, minute=00]
2026-01-29 21:12:55,429 [INFO] ✓ Rescheduled job 'download_logs_1_1' for 'Mesin Absensi TGM & MKI' at cron [hour=12, minute=00]
2026-01-29 21:12:55,432 [INFO] ✓ Rescheduled job 'download_logs_1_2' for 'Mesin Absensi TGM & MKI' at cron [hour=15, minute=00]
2026-01-29 21:12:55,435 [INFO] ✓ Rescheduled job 'download_logs_1_3' for 'Mesin Absensi TGM & MKI' at cron [hour=18, minute=00]
2026-01-29 21:12:55,444 [INFO] 📋 All jobs registered: [<Job (id=download_logs_1_0 name=partial)>, <Job (id=download_logs_1_1 name=partial)>, <Job (id=download_logs_1_2 name=partial)>, <Job (id=download_logs_1_3 name=partial)>]
2026-01-29 21:12:55,445 [INFO] 🚀 Web server started
2026-01-29 21:44:04,034 [INFO] Found 1 machine(s) with schedules.
2026-01-29 21:44:04,086 [INFO] ✓ Rescheduled job 'download_logs_1_0' for 'Mesin Absensi TGM & MKI' at cron [hour=06, minute=00]
2026-01-29 21:44:04,088 [INFO] ✓ Rescheduled job 'download_logs_1_1' for 'Mesin Absensi TGM & MKI' at cron [hour=12, minute=00]
2026-01-29 21:44:04,090 [INFO] ✓ Rescheduled job 'download_logs_1_2' for 'Mesin Absensi TGM & MKI' at cron [hour=15, minute=00]
2026-01-29 21:44:04,092 [INFO] ✓ Rescheduled job 'download_logs_1_3' for 'Mesin Absensi TGM & MKI' at cron [hour=18, minute=00]
2026-01-29 21:44:04,100 [INFO] 📋 All jobs registered: [<Job (id=download_logs_1_0 name=partial)>, <Job (id=download_logs_1_1 name=partial)>, <Job (id=download_logs_1_2 name=partial)>, <Job (id=download_logs_1_3 name=partial)>]
2026-01-29 21:44:04,101 [INFO] 🚀 Web server started
2026-01-30 06:43:46,870 [INFO] Found 1 machine(s) with schedules.
2026-01-30 06:43:46,872 [INFO] ✓ Rescheduled job 'download_logs_1_0' for 'Mesin Absensi TGM & MKI' at cron [hour=06, minute=00]
2026-01-30 06:43:46,872 [INFO] ✓ Rescheduled job 'download_logs_1_1' for 'Mesin Absensi TGM & MKI' at cron [hour=12, minute=00]
2026-01-30 06:43:46,872 [INFO] ✓ Rescheduled job 'download_logs_1_2' for 'Mesin Absensi TGM & MKI' at cron [hour=15, minute=00]
2026-01-30 06:43:46,873 [INFO] ✓ Rescheduled job 'download_logs_1_3' for 'Mesin Absensi TGM & MKI' at cron [hour=18, minute=00]
2026-01-30 06:43:46,877 [INFO] 📋 All jobs registered: [<Job (id=download_logs_1_1 name=partial)>, <Job (id=download_logs_1_2 name=partial)>, <Job (id=download_logs_1_3 name=partial)>, <Job (id=download_logs_1_0 name=partial)>]
2026-01-30 06:43:46,877 [INFO] 🚀 Web server started
2026-01-30 12:00:00,000 [INFO] 🕒 Scheduler triggered for 'Mesin Absensi TGM & MKI' (192.168.1.33:4370) at 2026-01-30 12:00:00.000706
2026-01-30 15:00:00,002 [INFO] 🕒 Scheduler triggered for 'Mesin Absensi TGM & MKI' (192.168.1.33:4370) at 2026-01-30 15:00:00.002812
2026-01-30 18:00:00,002 [INFO] 🕒 Scheduler triggered for 'Mesin Absensi TGM & MKI' (192.168.1.33:4370) at 2026-01-30 18:00:00.002934
2026-01-31 06:00:00,002 [INFO] 🕒 Scheduler triggered for 'Mesin Absensi TGM & MKI' (192.168.1.33:4370) at 2026-01-31 06:00:00.002337
2026-01-31 12:00:00,017 [INFO] 🕒 Scheduler triggered for 'Mesin Absensi TGM & MKI' (192.168.1.33:4370) at 2026-01-31 12:00:00.017163
2026-01-31 15:00:00,006 [INFO] 🕒 Scheduler triggered for 'Mesin Absensi TGM & MKI' (192.168.1.33:4370) at 2026-01-31 15:00:00.006361
2026-01-31 18:00:00,013 [INFO] 🕒 Scheduler triggered for 'Mesin Absensi TGM & MKI' (192.168.1.33:4370) at 2026-01-31 18:00:00.013569
2026-02-01 06:00:00,013 [INFO] 🕒 Scheduler triggered for 'Mesin Absensi TGM & MKI' (192.168.1.33:4370) at 2026-02-01 06:00:00.013175
2026-02-01 12:00:00,011 [INFO] 🕒 Scheduler triggered for 'Mesin Absensi TGM & MKI' (192.168.1.33:4370) at 2026-02-01 12:00:00.011227
2026-02-01 15:00:00,016 [INFO] 🕒 Scheduler triggered for 'Mesin Absensi TGM & MKI' (192.168.1.33:4370) at 2026-02-01 15:00:00.016600
2026-02-01 18:00:00,009 [INFO] 🕒 Scheduler triggered for 'Mesin Absensi TGM & MKI' (192.168.1.33:4370) at 2026-02-01 18:00:00.009219
2026-02-02 06:00:00,005 [INFO] 🕒 Scheduler triggered for 'Mesin Absensi TGM & MKI' (192.168.1.33:4370) at 2026-02-02 06:00:00.005844
2026-02-02 12:00:00,009 [INFO] 🕒 Scheduler triggered for 'Mesin Absensi TGM & MKI' (192.168.1.33:4370) at 2026-02-02 12:00:00.009714
2026-02-02 15:00:00,003 [INFO] 🕒 Scheduler triggered for 'Mesin Absensi TGM & MKI' (192.168.1.33:4370) at 2026-02-02 15:00:00.003052
2026-02-02 18:00:00,005 [INFO] 🕒 Scheduler triggered for 'Mesin Absensi TGM & MKI' (192.168.1.33:4370) at 2026-02-02 18:00:00.004951
2026-02-03 06:00:00,021 [INFO] 🕒 Scheduler triggered for 'Mesin Absensi TGM & MKI' (192.168.1.33:4370) at 2026-02-03 06:00:00.021091
2026-02-03 12:00:00,016 [INFO] 🕒 Scheduler triggered for 'Mesin Absensi TGM & MKI' (192.168.1.33:4370) at 2026-02-03 12:00:00.016393
2026-02-03 15:00:00,003 [INFO] 🕒 Scheduler triggered for 'Mesin Absensi TGM & MKI' (192.168.1.33:4370) at 2026-02-03 15:00:00.003867
2026-02-03 18:00:00,025 [INFO] 🕒 Scheduler triggered for 'Mesin Absensi TGM & MKI' (192.168.1.33:4370) at 2026-02-03 18:00:00.025020
2026-02-04 06:00:00,010 [INFO] 🕒 Scheduler triggered for 'Mesin Absensi TGM & MKI' (192.168.1.33:4370) at 2026-02-04 06:00:00.010787
2026-02-04 12:00:00,006 [INFO] 🕒 Scheduler triggered for 'Mesin Absensi TGM & MKI' (192.168.1.33:4370) at 2026-02-04 12:00:00.006662
2026-02-04 15:00:00,025 [INFO] 🕒 Scheduler triggered for 'Mesin Absensi TGM & MKI' (192.168.1.33:4370) at 2026-02-04 15:00:00.025426
2026-02-04 18:00:00,010 [INFO] 🕒 Scheduler triggered for 'Mesin Absensi TGM & MKI' (192.168.1.33:4370) at 2026-02-04 18:00:00.010692
2026-02-05 06:00:00,007 [INFO] 🕒 Scheduler triggered for 'Mesin Absensi TGM & MKI' (192.168.1.33:4370) at 2026-02-05 06:00:00.007201
2026-02-05 12:00:00,007 [INFO] 🕒 Scheduler triggered for 'Mesin Absensi TGM & MKI' (192.168.1.33:4370) at 2026-02-05 12:00:00.007711
2026-02-05 15:00:00,008 [INFO] 🕒 Scheduler triggered for 'Mesin Absensi TGM & MKI' (192.168.1.33:4370) at 2026-02-05 15:00:00.008315
2026-02-05 18:00:00,016 [INFO] 🕒 Scheduler triggered for 'Mesin Absensi TGM & MKI' (192.168.1.33:4370) at 2026-02-05 18:00:00.016352
2026-02-06 06:00:00,001 [INFO] 🕒 Scheduler triggered for 'Mesin Absensi TGM & MKI' (192.168.1.33:4370) at 2026-02-06 06:00:00.001140
2026-02-06 12:00:00,001 [INFO] 🕒 Scheduler triggered for 'Mesin Absensi TGM & MKI' (192.168.1.33:4370) at 2026-02-06 12:00:00.001448
2026-02-06 15:00:00,000 [INFO] 🕒 Scheduler triggered for 'Mesin Absensi TGM & MKI' (192.168.1.33:4370) at 2026-02-06 15:00:00.000625
2026-02-06 18:00:00,001 [INFO] 🕒 Scheduler triggered for 'Mesin Absensi TGM & MKI' (192.168.1.33:4370) at 2026-02-06 18:00:00.001256
2026-02-07 06:00:00,017 [INFO] 🕒 Scheduler triggered for 'Mesin Absensi TGM & MKI' (192.168.1.33:4370) at 2026-02-07 06:00:00.017210
2026-02-07 12:00:00,017 [INFO] 🕒 Scheduler triggered for 'Mesin Absensi TGM & MKI' (192.168.1.33:4370) at 2026-02-07 12:00:00.017098
2026-02-07 15:00:00,017 [INFO] 🕒 Scheduler triggered for 'Mesin Absensi TGM & MKI' (192.168.1.33:4370) at 2026-02-07 15:00:00.017009
2026-02-07 18:00:00,019 [INFO] 🕒 Scheduler triggered for 'Mesin Absensi TGM & MKI' (192.168.1.33:4370) at 2026-02-07 18:00:00.019433
2026-02-08 06:00:00,005 [INFO] 🕒 Scheduler triggered for 'Mesin Absensi TGM & MKI' (192.168.1.33:4370) at 2026-02-08 06:00:00.005273
2026-02-08 12:00:00,016 [INFO] 🕒 Scheduler triggered for 'Mesin Absensi TGM & MKI' (192.168.1.33:4370) at 2026-02-08 12:00:00.015967
2026-02-08 15:00:00,020 [INFO] 🕒 Scheduler triggered for 'Mesin Absensi TGM & MKI' (192.168.1.33:4370) at 2026-02-08 15:00:00.019966
2026-02-08 18:00:00,013 [INFO] 🕒 Scheduler triggered for 'Mesin Absensi TGM & MKI' (192.168.1.33:4370) at 2026-02-08 18:00:00.013418
2026-02-09 06:00:00,011 [INFO] 🕒 Scheduler triggered for 'Mesin Absensi TGM & MKI' (192.168.1.33:4370) at 2026-02-09 06:00:00.011277
2026-02-09 12:00:00,015 [INFO] 🕒 Scheduler triggered for 'Mesin Absensi TGM & MKI' (192.168.1.33:4370) at 2026-02-09 12:00:00.015482
2026-02-09 15:00:00,008 [INFO] 🕒 Scheduler triggered for 'Mesin Absensi TGM & MKI' (192.168.1.33:4370) at 2026-02-09 15:00:00.008001
2026-02-09 18:00:00,001 [INFO] 🕒 Scheduler triggered for 'Mesin Absensi TGM & MKI' (192.168.1.33:4370) at 2026-02-09 18:00:00.001155
2026-02-10 06:00:00,005 [INFO] 🕒 Scheduler triggered for 'Mesin Absensi TGM & MKI' (192.168.1.33:4370) at 2026-02-10 06:00:00.005198
2026-02-10 12:00:00,015 [INFO] 🕒 Scheduler triggered for 'Mesin Absensi TGM & MKI' (192.168.1.33:4370) at 2026-02-10 12:00:00.015800
2026-02-10 15:00:00,004 [INFO] 🕒 Scheduler triggered for 'Mesin Absensi TGM & MKI' (192.168.1.33:4370) at 2026-02-10 15:00:00.004665
2026-02-10 18:00:00,026 [INFO] 🕒 Scheduler triggered for 'Mesin Absensi TGM & MKI' (192.168.1.33:4370) at 2026-02-10 18:00:00.026382
2026-02-11 06:00:00,013 [INFO] 🕒 Scheduler triggered for 'Mesin Absensi TGM & MKI' (192.168.1.33:4370) at 2026-02-11 06:00:00.013254
2026-02-11 12:00:00,005 [INFO] 🕒 Scheduler triggered for 'Mesin Absensi TGM & MKI' (192.168.1.33:4370) at 2026-02-11 12:00:00.005383
2026-02-11 15:00:00,010 [INFO] 🕒 Scheduler triggered for 'Mesin Absensi TGM & MKI' (192.168.1.33:4370) at 2026-02-11 15:00:00.010414
2026-02-11 18:00:00,017 [INFO] 🕒 Scheduler triggered for 'Mesin Absensi TGM & MKI' (192.168.1.33:4370) at 2026-02-11 18:00:00.017467
2026-02-12 06:00:00,008 [INFO] 🕒 Scheduler triggered for 'Mesin Absensi TGM & MKI' (192.168.1.33:4370) at 2026-02-12 06:00:00.008952
2026-02-23 19:36:51,639 [INFO] Found 1 machine(s) with schedules.
2026-02-23 19:36:51,644 [INFO] ✓ Rescheduled job 'download_logs_1_0' for 'Mesin Absensi TGM & MKI' at cron [hour=06, minute=00]
2026-02-23 19:36:51,644 [INFO] ✓ Rescheduled job 'download_logs_1_1' for 'Mesin Absensi TGM & MKI' at cron [hour=12, minute=00]
2026-02-23 19:36:51,644 [INFO] ✓ Rescheduled job 'download_logs_1_2' for 'Mesin Absensi TGM & MKI' at cron [hour=15, minute=00]
2026-02-23 19:36:51,645 [INFO] ✓ Rescheduled job 'download_logs_1_3' for 'Mesin Absensi TGM & MKI' at cron [hour=18, minute=00]
2026-02-23 19:36:51,648 [INFO] 📋 All jobs registered: [<Job (id=download_logs_1_0 name=partial)>, <Job (id=download_logs_1_1 name=partial)>, <Job (id=download_logs_1_2 name=partial)>, <Job (id=download_logs_1_3 name=partial)>]
2026-02-23 19:36:51,648 [INFO] 🚀 Web server started
2026-02-24 12:00:00,000 [INFO] 🕒 Scheduler triggered for 'Mesin Absensi TGM & MKI' (192.168.1.33:4370) at 2026-02-24 12:00:00.000961
2026-02-24 15:00:00,001 [INFO] 🕒 Scheduler triggered for 'Mesin Absensi TGM & MKI' (192.168.1.33:4370) at 2026-02-24 15:00:00.001916
2026-02-24 18:00:00,000 [INFO] 🕒 Scheduler triggered for 'Mesin Absensi TGM & MKI' (192.168.1.33:4370) at 2026-02-24 18:00:00.000797
2026-02-25 06:00:00,001 [INFO] 🕒 Scheduler triggered for 'Mesin Absensi TGM & MKI' (192.168.1.33:4370) at 2026-02-25 06:00:00.001258
2026-02-25 09:32:41,587 [INFO] Found 1 machine(s) with schedules.
2026-02-25 09:32:41,589 [INFO] ✓ Rescheduled job 'download_logs_1_0' for 'Mesin Absensi TGM & MKI' at cron [hour=06, minute=00]
2026-02-25 09:32:41,589 [INFO] ✓ Rescheduled job 'download_logs_1_1' for 'Mesin Absensi TGM & MKI' at cron [hour=12, minute=00]
2026-02-25 09:32:41,589 [INFO] ✓ Rescheduled job 'download_logs_1_2' for 'Mesin Absensi TGM & MKI' at cron [hour=15, minute=00]
2026-02-25 09:32:41,589 [INFO] ✓ Rescheduled job 'download_logs_1_3' for 'Mesin Absensi TGM & MKI' at cron [hour=18, minute=00]
2026-02-25 09:32:41,594 [INFO] 📋 All jobs registered: [<Job (id=download_logs_1_1 name=partial)>, <Job (id=download_logs_1_2 name=partial)>, <Job (id=download_logs_1_3 name=partial)>, <Job (id=download_logs_1_0 name=partial)>]
2026-02-25 09:32:41,594 [INFO] 🚀 Web server started
2026-02-25 09:42:36,203 [INFO] Found 1 machine(s) with schedules.
2026-02-25 09:42:36,205 [INFO] ✓ Rescheduled job 'download_logs_1_0' for 'Mesin Absensi TGM & MKI' at cron [hour=06, minute=00]
2026-02-25 09:42:36,206 [INFO] ✓ Rescheduled job 'download_logs_1_1' for 'Mesin Absensi TGM & MKI' at cron [hour=12, minute=00]
2026-02-25 09:42:36,206 [INFO] ✓ Rescheduled job 'download_logs_1_2' for 'Mesin Absensi TGM & MKI' at cron [hour=15, minute=00]
2026-02-25 09:42:36,206 [INFO] ✓ Rescheduled job 'download_logs_1_3' for 'Mesin Absensi TGM & MKI' at cron [hour=18, minute=00]
2026-02-25 09:42:36,209 [INFO] 📋 All jobs registered: [<Job (id=download_logs_1_1 name=partial)>, <Job (id=download_logs_1_2 name=partial)>, <Job (id=download_logs_1_3 name=partial)>, <Job (id=download_logs_1_0 name=partial)>]
2026-02-25 09:42:36,209 [INFO] 🚀 Web server started
2026-02-25 12:00:00,001 [INFO] 🕒 Scheduler triggered for 'Mesin Absensi TGM & MKI' (192.168.1.33:4370) at 2026-02-25 12:00:00.001519
2026-02-25 13:19:26,366 [INFO] Found 1 machine(s) with schedules.
2026-02-25 13:19:26,368 [INFO] ✓ Rescheduled job 'download_logs_1_0' for 'Mesin Absensi TGM & MKI' at cron [hour=06, minute=00]
2026-02-25 13:19:26,368 [INFO] ✓ Rescheduled job 'download_logs_1_1' for 'Mesin Absensi TGM & MKI' at cron [hour=12, minute=00]
2026-02-25 13:19:26,368 [INFO] ✓ Rescheduled job 'download_logs_1_2' for 'Mesin Absensi TGM & MKI' at cron [hour=15, minute=00]
2026-02-25 13:19:26,369 [INFO] ✓ Rescheduled job 'download_logs_1_3' for 'Mesin Absensi TGM & MKI' at cron [hour=18, minute=00]
2026-02-25 13:19:26,371 [INFO] 📋 All jobs registered: [<Job (id=download_logs_1_2 name=partial)>, <Job (id=download_logs_1_3 name=partial)>, <Job (id=download_logs_1_0 name=partial)>, <Job (id=download_logs_1_1 name=partial)>]
2026-02-25 13:19:26,371 [INFO] 🚀 Web server started
2026-02-25 14:01:43,402 [INFO] Found 1 machine(s) with schedules.
2026-02-25 14:01:43,404 [INFO] ✓ Rescheduled job 'download_logs_1_0' for 'Mesin Absensi TGM & MKI' at cron [hour=06, minute=00]
2026-02-25 14:01:43,404 [INFO] ✓ Rescheduled job 'download_logs_1_1' for 'Mesin Absensi TGM & MKI' at cron [hour=12, minute=00]
2026-02-25 14:01:43,405 [INFO] ✓ Rescheduled job 'download_logs_1_2' for 'Mesin Absensi TGM & MKI' at cron [hour=15, minute=00]
2026-02-25 14:01:43,406 [INFO] ✓ Rescheduled job 'download_logs_1_3' for 'Mesin Absensi TGM & MKI' at cron [hour=18, minute=00]
2026-02-25 14:01:43,410 [INFO] 📋 All jobs registered: [<Job (id=download_logs_1_2 name=partial)>, <Job (id=download_logs_1_3 name=partial)>, <Job (id=download_logs_1_0 name=partial)>, <Job (id=download_logs_1_1 name=partial)>]
2026-02-25 14:01:43,411 [INFO] 🚀 Web server started
2026-02-25 14:09:18,491 [INFO] Found 1 machine(s) with schedules.
2026-02-25 14:09:18,493 [INFO] ✓ Rescheduled job 'download_logs_1_0' for 'Mesin Absensi TGM & MKI' at cron [hour=06, minute=00]
2026-02-25 14:09:18,493 [INFO] ✓ Rescheduled job 'download_logs_1_1' for 'Mesin Absensi TGM & MKI' at cron [hour=12, minute=00]
2026-02-25 14:09:18,493 [INFO] ✓ Rescheduled job 'download_logs_1_2' for 'Mesin Absensi TGM & MKI' at cron [hour=15, minute=00]
2026-02-25 14:09:18,494 [INFO] ✓ Rescheduled job 'download_logs_1_3' for 'Mesin Absensi TGM & MKI' at cron [hour=18, minute=00]
2026-02-25 14:09:18,496 [INFO] 📋 All jobs registered: [<Job (id=download_logs_1_2 name=partial)>, <Job (id=download_logs_1_3 name=partial)>, <Job (id=download_logs_1_0 name=partial)>, <Job (id=download_logs_1_1 name=partial)>]
2026-02-25 14:09:18,496 [INFO] 🚀 Web server started
2026-02-25 14:34:23,688 [INFO] Found 1 machine(s) with schedules.
2026-02-25 14:34:23,690 [INFO] ✓ Rescheduled job 'download_logs_1_0' for 'Mesin Absensi TGM & MKI' at cron [hour=06, minute=00]
2026-02-25 14:34:23,690 [INFO] ✓ Rescheduled job 'download_logs_1_1' for 'Mesin Absensi TGM & MKI' at cron [hour=12, minute=00]
2026-02-25 14:34:23,691 [INFO] ✓ Rescheduled job 'download_logs_1_2' for 'Mesin Absensi TGM & MKI' at cron [hour=15, minute=00]
2026-02-25 14:34:23,691 [INFO] ✓ Rescheduled job 'download_logs_1_3' for 'Mesin Absensi TGM & MKI' at cron [hour=18, minute=00]
2026-02-25 14:34:23,693 [INFO] 📋 All jobs registered: [<Job (id=download_logs_1_2 name=partial)>, <Job (id=download_logs_1_3 name=partial)>, <Job (id=download_logs_1_0 name=partial)>, <Job (id=download_logs_1_1 name=partial)>]
2026-02-25 14:34:23,693 [INFO] 🚀 Web server started
2026-02-25 14:47:39,202 [INFO] Found 1 machine(s) with schedules.
2026-02-25 14:47:39,206 [INFO] ✓ Rescheduled job 'download_logs_1_0' for 'Mesin Absensi TGM & MKI' at cron [hour=06, minute=00]
2026-02-25 14:47:39,206 [INFO] ✓ Rescheduled job 'download_logs_1_1' for 'Mesin Absensi TGM & MKI' at cron [hour=12, minute=00]
2026-02-25 14:47:39,207 [INFO] ✓ Rescheduled job 'download_logs_1_2' for 'Mesin Absensi TGM & MKI' at cron [hour=15, minute=00]
2026-02-25 14:47:39,208 [INFO] ✓ Rescheduled job 'download_logs_1_3' for 'Mesin Absensi TGM & MKI' at cron [hour=18, minute=00]
2026-02-25 14:47:39,210 [INFO] 📋 All jobs registered: [<Job (id=download_logs_1_2 name=partial)>, <Job (id=download_logs_1_3 name=partial)>, <Job (id=download_logs_1_0 name=partial)>, <Job (id=download_logs_1_1 name=partial)>]
2026-02-25 14:47:39,211 [INFO] 🚀 Web server started
2026-02-25 14:58:46,988 [INFO] Found 1 machine(s) with schedules.
2026-02-25 14:58:46,992 [INFO] ✓ Rescheduled job 'download_logs_1_0' for 'Mesin Absensi TGM & MKI' at cron [hour=06, minute=00]
2026-02-25 14:58:46,993 [INFO] ✓ Rescheduled job 'download_logs_1_1' for 'Mesin Absensi TGM & MKI' at cron [hour=12, minute=00]
2026-02-25 14:58:46,993 [INFO] ✓ Rescheduled job 'download_logs_1_2' for 'Mesin Absensi TGM & MKI' at cron [hour=15, minute=00]
2026-02-25 14:58:46,994 [INFO] ✓ Rescheduled job 'download_logs_1_3' for 'Mesin Absensi TGM & MKI' at cron [hour=18, minute=00]
2026-02-25 14:58:46,996 [INFO] 📋 All jobs registered: [<Job (id=download_logs_1_2 name=partial)>, <Job (id=download_logs_1_3 name=partial)>, <Job (id=download_logs_1_0 name=partial)>, <Job (id=download_logs_1_1 name=partial)>]
2026-02-25 14:58:46,996 [INFO] 🚀 Web server started
2026-02-25 15:00:00,001 [INFO] 🕒 Scheduler triggered for 'Mesin Absensi TGM & MKI' (192.168.1.33:4370) at 2026-02-25 15:00:00.001451
2026-02-25 15:21:27,522 [INFO] Found 1 machine(s) with schedules.
2026-02-25 15:21:27,524 [INFO] ✓ Rescheduled job 'download_logs_1_0' for 'Mesin Absensi TGM & MKI' at cron [hour=06, minute=00]
2026-02-25 15:21:27,524 [INFO] ✓ Rescheduled job 'download_logs_1_1' for 'Mesin Absensi TGM & MKI' at cron [hour=12, minute=00]
2026-02-25 15:21:27,525 [INFO] ✓ Rescheduled job 'download_logs_1_2' for 'Mesin Absensi TGM & MKI' at cron [hour=15, minute=00]
2026-02-25 15:21:27,525 [INFO] ✓ Rescheduled job 'download_logs_1_3' for 'Mesin Absensi TGM & MKI' at cron [hour=18, minute=00]
2026-02-25 15:21:27,527 [INFO] 📋 All jobs registered: [<Job (id=download_logs_1_3 name=partial)>, <Job (id=download_logs_1_0 name=partial)>, <Job (id=download_logs_1_1 name=partial)>, <Job (id=download_logs_1_2 name=partial)>]
2026-02-25 15:21:27,528 [INFO] 🚀 Web server started
2026-02-25 15:23:30,102 [INFO] Found 1 machine(s) with schedules.
2026-02-25 15:23:30,104 [INFO] ✓ Rescheduled job 'download_logs_1_0' for 'Mesin Absensi TGM & MKI' at cron [hour=06, minute=00]
2026-02-25 15:23:30,105 [INFO] ✓ Rescheduled job 'download_logs_1_1' for 'Mesin Absensi TGM & MKI' at cron [hour=12, minute=00]
2026-02-25 15:23:30,105 [INFO] ✓ Rescheduled job 'download_logs_1_2' for 'Mesin Absensi TGM & MKI' at cron [hour=15, minute=00]
2026-02-25 15:23:30,105 [INFO] ✓ Rescheduled job 'download_logs_1_3' for 'Mesin Absensi TGM & MKI' at cron [hour=18, minute=00]
2026-02-25 15:23:30,108 [INFO] 📋 All jobs registered: [<Job (id=download_logs_1_3 name=partial)>, <Job (id=download_logs_1_0 name=partial)>, <Job (id=download_logs_1_1 name=partial)>, <Job (id=download_logs_1_2 name=partial)>]
2026-02-25 15:23:30,108 [INFO] 🚀 Web server started
2026-02-25 15:26:32,735 [INFO] Found 1 machine(s) with schedules.
2026-02-25 15:26:32,740 [INFO] ✓ Rescheduled job 'download_logs_1_0' for 'Mesin Absensi TGM & MKI' at cron [hour=06, minute=00]
2026-02-25 15:26:32,740 [INFO] ✓ Rescheduled job 'download_logs_1_1' for 'Mesin Absensi TGM & MKI' at cron [hour=12, minute=00]
2026-02-25 15:26:32,740 [INFO] ✓ Rescheduled job 'download_logs_1_2' for 'Mesin Absensi TGM & MKI' at cron [hour=15, minute=00]
2026-02-25 15:26:32,741 [INFO] ✓ Rescheduled job 'download_logs_1_3' for 'Mesin Absensi TGM & MKI' at cron [hour=18, minute=00]
2026-02-25 15:26:32,746 [INFO] 📋 All jobs registered: [<Job (id=download_logs_1_3 name=partial)>, <Job (id=download_logs_1_0 name=partial)>, <Job (id=download_logs_1_1 name=partial)>, <Job (id=download_logs_1_2 name=partial)>]
2026-02-25 15:26:32,746 [INFO] 🚀 Web server started
2026-02-25 18:00:00,003 [INFO] 🕒 Scheduler triggered for 'Mesin Absensi TGM & MKI' (192.168.1.33:4370) at 2026-02-25 18:00:00.003219
2026-02-26 06:00:00,001 [INFO] 🕒 Scheduler triggered for 'Mesin Absensi TGM & MKI' (192.168.1.33:4370) at 2026-02-26 06:00:00.001818
2026-02-26 12:00:00,001 [INFO] 🕒 Scheduler triggered for 'Mesin Absensi TGM & MKI' (192.168.1.33:4370) at 2026-02-26 12:00:00.001270
2026-02-26 15:00:00,001 [INFO] 🕒 Scheduler triggered for 'Mesin Absensi TGM & MKI' (192.168.1.33:4370) at 2026-02-26 15:00:00.001666
2026-02-26 18:00:00,001 [INFO] 🕒 Scheduler triggered for 'Mesin Absensi TGM & MKI' (192.168.1.33:4370) at 2026-02-26 18:00:00.001154
2026-02-27 06:00:00,001 [INFO] 🕒 Scheduler triggered for 'Mesin Absensi TGM & MKI' (192.168.1.33:4370) at 2026-02-27 06:00:00.001432
2026-02-27 12:00:00,002 [INFO] 🕒 Scheduler triggered for 'Mesin Absensi TGM & MKI' (192.168.1.33:4370) at 2026-02-27 12:00:00.002153
2026-02-27 15:00:00,000 [INFO] 🕒 Scheduler triggered for 'Mesin Absensi TGM & MKI' (192.168.1.33:4370) at 2026-02-27 15:00:00.000799
2026-02-27 18:00:00,000 [INFO] 🕒 Scheduler triggered for 'Mesin Absensi TGM & MKI' (192.168.1.33:4370) at 2026-02-27 18:00:00.000899
2026-02-28 06:00:00,000 [INFO] 🕒 Scheduler triggered for 'Mesin Absensi TGM & MKI' (192.168.1.33:4370) at 2026-02-28 06:00:00.000875
2026-02-28 12:00:00,001 [INFO] 🕒 Scheduler triggered for 'Mesin Absensi TGM & MKI' (192.168.1.33:4370) at 2026-02-28 12:00:00.001150
2026-02-28 15:00:00,001 [INFO] 🕒 Scheduler triggered for 'Mesin Absensi TGM & MKI' (192.168.1.33:4370) at 2026-02-28 15:00:00.001303
2026-02-28 18:00:00,003 [INFO] 🕒 Scheduler triggered for 'Mesin Absensi TGM & MKI' (192.168.1.33:4370) at 2026-02-28 18:00:00.003604
2026-03-01 06:00:00,001 [INFO] 🕒 Scheduler triggered for 'Mesin Absensi TGM & MKI' (192.168.1.33:4370) at 2026-03-01 06:00:00.001194
2026-03-01 12:00:00,000 [INFO] 🕒 Scheduler triggered for 'Mesin Absensi TGM & MKI' (192.168.1.33:4370) at 2026-03-01 12:00:00.000914
2026-03-01 15:00:00,001 [INFO] 🕒 Scheduler triggered for 'Mesin Absensi TGM & MKI' (192.168.1.33:4370) at 2026-03-01 15:00:00.001804
2026-03-01 18:00:00,001 [INFO] 🕒 Scheduler triggered for 'Mesin Absensi TGM & MKI' (192.168.1.33:4370) at 2026-03-01 18:00:00.001318
2026-03-02 06:00:00,001 [INFO] 🕒 Scheduler triggered for 'Mesin Absensi TGM & MKI' (192.168.1.33:4370) at 2026-03-02 06:00:00.001512
2026-03-02 12:00:00,000 [INFO] 🕒 Scheduler triggered for 'Mesin Absensi TGM & MKI' (192.168.1.33:4370) at 2026-03-02 12:00:00.000857
2026-03-02 15:00:00,004 [INFO] 🕒 Scheduler triggered for 'Mesin Absensi TGM & MKI' (192.168.1.33:4370) at 2026-03-02 15:00:00.004030
2026-03-02 18:00:00,001 [INFO] 🕒 Scheduler triggered for 'Mesin Absensi TGM & MKI' (192.168.1.33:4370) at 2026-03-02 18:00:00.001338
2026-03-03 06:00:00,002 [INFO] 🕒 Scheduler triggered for 'Mesin Absensi TGM & MKI' (192.168.1.33:4370) at 2026-03-03 06:00:00.002837
2026-03-03 12:00:00,000 [INFO] 🕒 Scheduler triggered for 'Mesin Absensi TGM & MKI' (192.168.1.33:4370) at 2026-03-03 12:00:00.000456
2026-03-03 15:00:00,001 [INFO] 🕒 Scheduler triggered for 'Mesin Absensi TGM & MKI' (192.168.1.33:4370) at 2026-03-03 15:00:00.001239
2026-03-03 18:00:00,001 [INFO] 🕒 Scheduler triggered for 'Mesin Absensi TGM & MKI' (192.168.1.33:4370) at 2026-03-03 18:00:00.001408
2026-03-04 06:00:00,000 [INFO] 🕒 Scheduler triggered for 'Mesin Absensi TGM & MKI' (192.168.1.33:4370) at 2026-03-04 06:00:00.000559
2026-03-04 12:00:00,001 [INFO] 🕒 Scheduler triggered for 'Mesin Absensi TGM & MKI' (192.168.1.33:4370) at 2026-03-04 12:00:00.001377
2026-03-04 15:00:00,001 [INFO] 🕒 Scheduler triggered for 'Mesin Absensi TGM & MKI' (192.168.1.33:4370) at 2026-03-04 15:00:00.001693
2026-03-04 18:00:00,001 [INFO] 🕒 Scheduler triggered for 'Mesin Absensi TGM & MKI' (192.168.1.33:4370) at 2026-03-04 18:00:00.001003
2026-03-05 06:00:00,004 [INFO] 🕒 Scheduler triggered for 'Mesin Absensi TGM & MKI' (192.168.1.33:4370) at 2026-03-05 06:00:00.004081
2026-03-05 12:00:00,001 [INFO] 🕒 Scheduler triggered for 'Mesin Absensi TGM & MKI' (192.168.1.33:4370) at 2026-03-05 12:00:00.001648
2026-03-05 15:00:00,001 [INFO] 🕒 Scheduler triggered for 'Mesin Absensi TGM & MKI' (192.168.1.33:4370) at 2026-03-05 15:00:00.001667
2026-03-05 18:00:00,003 [INFO] 🕒 Scheduler triggered for 'Mesin Absensi TGM & MKI' (192.168.1.33:4370) at 2026-03-05 18:00:00.003545
2026-03-06 06:00:00,001 [INFO] 🕒 Scheduler triggered for 'Mesin Absensi TGM & MKI' (192.168.1.33:4370) at 2026-03-06 06:00:00.001557
2026-03-06 12:00:00,001 [INFO] 🕒 Scheduler triggered for 'Mesin Absensi TGM & MKI' (192.168.1.33:4370) at 2026-03-06 12:00:00.001332
2026-03-06 15:00:00,000 [INFO] 🕒 Scheduler triggered for 'Mesin Absensi TGM & MKI' (192.168.1.33:4370) at 2026-03-06 15:00:00.000763
2026-03-06 18:00:00,001 [INFO] 🕒 Scheduler triggered for 'Mesin Absensi TGM & MKI' (192.168.1.33:4370) at 2026-03-06 18:00:00.001185
2026-03-07 06:00:00,001 [INFO] 🕒 Scheduler triggered for 'Mesin Absensi TGM & MKI' (192.168.1.33:4370) at 2026-03-07 06:00:00.001008
2026-03-07 12:00:00,001 [INFO] 🕒 Scheduler triggered for 'Mesin Absensi TGM & MKI' (192.168.1.33:4370) at 2026-03-07 12:00:00.001100
2026-03-07 15:00:00,001 [INFO] 🕒 Scheduler triggered for 'Mesin Absensi TGM & MKI' (192.168.1.33:4370) at 2026-03-07 15:00:00.001559
2026-03-07 18:00:00,001 [INFO] 🕒 Scheduler triggered for 'Mesin Absensi TGM & MKI' (192.168.1.33:4370) at 2026-03-07 18:00:00.001730
2026-03-08 06:00:00,002 [INFO] 🕒 Scheduler triggered for 'Mesin Absensi TGM & MKI' (192.168.1.33:4370) at 2026-03-08 06:00:00.001988
2026-03-08 12:00:00,001 [INFO] 🕒 Scheduler triggered for 'Mesin Absensi TGM & MKI' (192.168.1.33:4370) at 2026-03-08 12:00:00.000976
2026-03-08 15:00:00,000 [INFO] 🕒 Scheduler triggered for 'Mesin Absensi TGM & MKI' (192.168.1.33:4370) at 2026-03-08 15:00:00.000546
2026-03-08 18:00:00,001 [INFO] 🕒 Scheduler triggered for 'Mesin Absensi TGM & MKI' (192.168.1.33:4370) at 2026-03-08 18:00:00.001607
2026-03-09 06:00:00,001 [INFO] 🕒 Scheduler triggered for 'Mesin Absensi TGM & MKI' (192.168.1.33:4370) at 2026-03-09 06:00:00.001622
2026-03-09 12:00:00,001 [INFO] 🕒 Scheduler triggered for 'Mesin Absensi TGM & MKI' (192.168.1.33:4370) at 2026-03-09 12:00:00.001187
2026-03-09 15:00:00,001 [INFO] 🕒 Scheduler triggered for 'Mesin Absensi TGM & MKI' (192.168.1.33:4370) at 2026-03-09 15:00:00.000988
2026-03-09 18:00:00,001 [INFO] 🕒 Scheduler triggered for 'Mesin Absensi TGM & MKI' (192.168.1.33:4370) at 2026-03-09 18:00:00.001121
2026-03-10 06:00:00,000 [INFO] 🕒 Scheduler triggered for 'Mesin Absensi TGM & MKI' (192.168.1.33:4370) at 2026-03-10 06:00:00.000878
2026-03-10 12:00:00,001 [INFO] 🕒 Scheduler triggered for 'Mesin Absensi TGM & MKI' (192.168.1.33:4370) at 2026-03-10 12:00:00.001639
2026-03-10 15:00:00,000 [INFO] 🕒 Scheduler triggered for 'Mesin Absensi TGM & MKI' (192.168.1.33:4370) at 2026-03-10 15:00:00.000326
2026-03-10 18:00:00,001 [INFO] 🕒 Scheduler triggered for 'Mesin Absensi TGM & MKI' (192.168.1.33:4370) at 2026-03-10 18:00:00.001429
2026-03-11 06:00:00,000 [INFO] 🕒 Scheduler triggered for 'Mesin Absensi TGM & MKI' (192.168.1.33:4370) at 2026-03-11 06:00:00.000592
2026-03-11 12:00:00,001 [INFO] 🕒 Scheduler triggered for 'Mesin Absensi TGM & MKI' (192.168.1.33:4370) at 2026-03-11 12:00:00.001129
2026-03-11 15:00:00,002 [INFO] 🕒 Scheduler triggered for 'Mesin Absensi TGM & MKI' (192.168.1.33:4370) at 2026-03-11 15:00:00.002657
2026-03-11 18:00:00,000 [INFO] 🕒 Scheduler triggered for 'Mesin Absensi TGM & MKI' (192.168.1.33:4370) at 2026-03-11 18:00:00.000730
2026-03-12 06:00:00,001 [INFO] 🕒 Scheduler triggered for 'Mesin Absensi TGM & MKI' (192.168.1.33:4370) at 2026-03-12 06:00:00.001204
2026-05-21 13:26:31,079 [INFO] Found 1 machine(s) with schedules.
2026-05-21 13:26:31,088 [INFO] ✓ Rescheduled job 'download_logs_1_0' for 'Mesin Absensi TGM & MKI' at cron [hour=06, minute=00]
2026-05-21 13:26:31,089 [INFO] ✓ Rescheduled job 'download_logs_1_1' for 'Mesin Absensi TGM & MKI' at cron [hour=12, minute=00]
2026-05-21 13:26:31,089 [INFO] ✓ Rescheduled job 'download_logs_1_2' for 'Mesin Absensi TGM & MKI' at cron [hour=15, minute=00]
2026-05-21 13:26:31,089 [INFO] ✓ Rescheduled job 'download_logs_1_3' for 'Mesin Absensi TGM & MKI' at cron [hour=18, minute=00]
2026-05-21 13:26:31,092 [INFO] 📋 All jobs registered: [<Job (id=download_logs_1_2 name=partial)>, <Job (id=download_logs_1_3 name=partial)>, <Job (id=download_logs_1_0 name=partial)>, <Job (id=download_logs_1_1 name=partial)>]
2026-05-21 13:26:31,092 [INFO] 🚀 Web server started
2026-05-21 13:52:46,246 [INFO] Found 1 machine(s) with schedules.
2026-05-21 13:52:46,248 [INFO] ✓ Rescheduled job 'download_logs_1_0' for 'Mesin Absensi TGM & MKI' at cron [hour=06, minute=00]
2026-05-21 13:52:46,248 [INFO] ✓ Rescheduled job 'download_logs_1_1' for 'Mesin Absensi TGM & MKI' at cron [hour=12, minute=00]
2026-05-21 13:52:46,249 [INFO] ✓ Rescheduled job 'download_logs_1_2' for 'Mesin Absensi TGM & MKI' at cron [hour=15, minute=00]
2026-05-21 13:52:46,249 [INFO] ✓ Rescheduled job 'download_logs_1_3' for 'Mesin Absensi TGM & MKI' at cron [hour=18, minute=00]
2026-05-21 13:52:46,251 [INFO] 📋 All jobs registered: [<Job (id=download_logs_1_2 name=partial)>, <Job (id=download_logs_1_3 name=partial)>, <Job (id=download_logs_1_0 name=partial)>, <Job (id=download_logs_1_1 name=partial)>]
2026-05-21 13:52:46,252 [INFO] 🚀 Web server started
